-- phpMyAdmin SQL Dump
-- version 4.8.4
-- https://www.phpmyadmin.net/
--
-- Host: localhost
-- Generation Time: Nov 27, 2019 at 10:19 PM
-- Server version: 10.1.37-MariaDB
-- PHP Version: 7.3.1

SET SQL_MODE = "NO_AUTO_VALUE_ON_ZERO";
SET AUTOCOMMIT = 0;
START TRANSACTION;
SET time_zone = "+00:00";


/*!40101 SET @OLD_CHARACTER_SET_CLIENT=@@CHARACTER_SET_CLIENT */;
/*!40101 SET @OLD_CHARACTER_SET_RESULTS=@@CHARACTER_SET_RESULTS */;
/*!40101 SET @OLD_COLLATION_CONNECTION=@@COLLATION_CONNECTION */;
/*!40101 SET NAMES utf8mb4 */;

--
-- Database: `coaching`
--

-- --------------------------------------------------------

--
-- Table structure for table `app_settings`
--

CREATE TABLE `app_settings` (
  `id` int(10) UNSIGNED NOT NULL,
  `key` varchar(191) NOT NULL,
  `value` longtext NOT NULL,
  `created_at` timestamp NULL DEFAULT NULL,
  `updated_at` timestamp NULL DEFAULT NULL
) ENGINE=InnoDB DEFAULT CHARSET=utf8mb4;

--
-- Dumping data for table `app_settings`
--

INSERT INTO `app_settings` (`id`, `key`, `value`, `created_at`, `updated_at`) VALUES
(1, 'site_name', 'Coaching Expert', '2019-03-17 17:12:52', '2019-08-06 15:38:34'),
(2, 'address_ar', 'السعودية - الرياض', NULL, '2019-11-19 11:19:44'),
(3, 'phone', '966541867992', NULL, '2019-11-05 12:12:32'),
(4, 'email', 'coaching@info.com', NULL, '2019-08-06 15:38:34'),
(5, 'site_logo', 'http://127.0.0.1:8000/public/images/setting/21-11-1915743464811891798921.png', NULL, '2019-11-21 15:28:01'),
(6, 'description', 'coaching, courses and live free courses', NULL, '2019-08-06 15:49:59'),
(7, 'key_words', 'coaching, courses, live, free', NULL, '2019-08-06 15:49:59'),
(8, 'lat', '10.152', NULL, '2019-08-07 10:24:00'),
(9, 'lng', '10.150', NULL, '2019-08-07 10:24:00'),
(24, 'mobile', '966541867992', NULL, '2019-11-05 12:12:32'),
(27, 'whatsapp', '966541867992', NULL, NULL),
(34, 'who_us_short_desc_ar', 'هذا النص هو مثال لنص يمكن أن يستبدل في نفس المساحة، لقد تم توليد هذا النص من مولد النصالعربى، حيث يمكنك أن تولد مثل هذا النص أو العديد من النصوص الأخرى إضافة إلى زيادة عددالحروف التى يولدها التطبيق .', NULL, '2019-11-24 12:44:11'),
(35, 'who_us_short_desc_en', 'This text is an example of text that can be replaced in the same space. This text was generated from the text generator Arabic, where you can generate such a text or many other texts to add to the number increase Characters generated by the application This text is an example of text that can be replaced in the same space. This text was generated from the text generator Arabic, where you can generate such a text or many other texts to add to the number increase Characters generated by the application.', NULL, '2019-11-24 12:44:11'),
(36, 'who_us_desc_ar', 'هذا النص هو مثال لنص يمكن أن يستبدل في نفس المساحة، لقد تم توليد هذا النص من مولد النصالعربى، حيث يمكنك أن تولد مثل هذا النص أو العديد من النصوص الأخرى إضافة إلى زيادة عددالحروف التى يولدها التطبيقهذا النص هو مثال لنص يمكن أن يستبدل في نفس المساحة، لقد تم توليد هذا النص من مولد النصالعربى، حيث يمكنك أن تولد مثل هذا النص أو العديد من النصوص الأخرى إضافة إلى زيادة عددالحروف التى يولدها التطبيق .', NULL, '2019-11-24 12:44:11'),
(37, 'who_us_desc_en', 'This text is an example of text that can be replaced in the same space. This text was generated from the text generator Arabic, where you can generate such a text or many other texts to add to the number increase Characters generated by the application This text is an example of text that can be replaced in the same space. This text was generated from the text generator Arabic, where you can generate such a text or many other texts to add to the number increase Characters generated by the application.', NULL, '2019-11-24 12:44:11'),
(38, 'who_us_image', 'http://127.0.0.1:8000/public/images/setting/24-11-1915745958511477747396.png', NULL, '2019-11-24 12:44:11'),
(39, 'who_us_vission_ar', 'هذا النص هو مثال لنص يمكن أن يستبدل في نفس المساحة، لقد تم توليد هذا النص من مولد النصالعربى، حيث يمكنك أن تولد مثل هذا النص أو العديد من النصوص الأخرى إضافة إلى زيادة عددالحروف التى يولدها التطبيق .', NULL, '2019-11-24 12:44:11'),
(40, 'who_us_vission_en', 'This text is an example of text that can be replaced in the same space. This text was generated from the text generator Arabic, where you can generate such a text or many other texts to add to the number increase Characters generated by the application This text is an example of text that can be replaced in the same space.', NULL, '2019-11-24 12:44:11'),
(41, 'who_us_message_ar', 'هذا النص هو مثال لنص يمكن أن يستبدل في نفس المساحة، لقد تم توليد هذا النص من مولد النصالعربى، حيث يمكنك أن تولد مثل هذا النص أو العديد من النصوص الأخرى إضافة إلى زيادة عددالحروف التى يولدها التطبيق .', NULL, '2019-11-24 12:44:11'),
(42, 'who_us_message_en', 'This text is an example of text that can be replaced in the same space. This text was generated from the text generator Arabic, where you can generate such a text or many other texts to add to the number increase Characters generated by the application This text is an example of text that can be replaced in the same space.', NULL, '2019-11-24 12:44:11'),
(43, 'about_training_short_desc_ar', 'هذا النص هو مثال لنص يمكن أن يستبدل في نفس المساحة، لقد تم توليد هذا النص من مولد النصالعربى، حيث يمكنك أن تولد مثل هذا النص أو العديد من النصوص الأخرى إضافة إلى زيادة عددالحروف التى يولدها التطبيق .', NULL, '2019-11-24 12:43:29'),
(44, 'about_training_short_desc_en', 'This text is an example of text that can be replaced in the same space. This text was generated from the text generator Arabic, where you can generate such a text or many other texts to add to the number increase Characters generated by the application This text is an example of text that can be replaced in the same space.', NULL, '2019-11-24 12:43:29'),
(45, 'about_training_desc_ar', 'هذا النص هو مثال لنص يمكن أن يستبدل في نفس المساحة، لقد تم تـوليد هذا النـص من مـولد النص\r\n                            العربى ، حـيث يمكنك أن تـولد مثل هـذا النـص أو العديد مـن النـصوص الأخـرى إضافة إلى زيادة\r\n                            عدد الحروف التى يولدها التطبيق.\r\n                            إذا كنت تحـتاج إلى عدد أكبر من الفقرات يتيح لك مـولد النص العربى زيادة عدد الفقرات كـما تريد\r\n                            ، النـص لـن يبدو مـقسما ولا يحـوي أخطاء لـغوية , مـولد النـص العربى مـفيد لمصممي المواقع على\r\n                            وجه الخصوص، حيث يحتاج العـميل فى كثير من الأحيان أن يطلع على صـورة حقيقية لتصميم الموقع.', NULL, '2019-11-25 12:33:25'),
(46, 'about_training_desc_en', 'This text is an example of text that can be replaced in the same space. This text was generated from the text generator Arabic, where you can generate such a text or many other texts to add to the number increase Characters generated by the application This text is an example of text that can be replaced in the same space. This text was generated from the text generator Arabic, where you can generate such a text or many other texts to add to the number increase Characters generated by the application.', NULL, '2019-11-24 12:43:29'),
(47, 'about_training_video', 'https://www.youtube.com/watch?v=NckHT5FkfkI', NULL, '2019-11-24 12:29:51'),
(48, 'hours_unallow_count', '24', NULL, NULL),
(49, 'snapchat', 'coaching', NULL, '2019-11-19 11:19:44'),
(50, 'address_en', 'Saudi - reyad', NULL, NULL);

-- --------------------------------------------------------

--
-- Table structure for table `cities`
--

CREATE TABLE `cities` (
  `id` int(11) NOT NULL,
  `title_ar` varchar(255) DEFAULT NULL,
  `title_en` varchar(255) DEFAULT NULL,
  `country_id` int(11) DEFAULT '1',
  `created_at` timestamp NOT NULL DEFAULT CURRENT_TIMESTAMP,
  `updated_at` timestamp NOT NULL DEFAULT CURRENT_TIMESTAMP ON UPDATE CURRENT_TIMESTAMP
) ENGINE=InnoDB DEFAULT CHARSET=utf8mb4;

--
-- Dumping data for table `cities`
--

INSERT INTO `cities` (`id`, `title_ar`, `title_en`, `country_id`, `created_at`, `updated_at`) VALUES
(4, 'الرياض', 'Riyadh', 187, '2019-07-24 10:50:49', '2019-11-18 12:14:42'),
(5, 'مكة', 'Makkah', 187, '2019-09-11 15:59:08', '2019-11-18 12:14:51'),
(6, 'المدينة المنورة', 'Al madina Almunawara', 187, '2019-11-01 10:34:48', '2019-11-18 12:14:55'),
(7, 'الدرعية', 'deraia', 187, '2019-11-19 13:10:23', '2019-11-19 13:10:23');

-- --------------------------------------------------------

--
-- Table structure for table `coachs`
--

CREATE TABLE `coachs` (
  `id` int(11) NOT NULL,
  `name_ar` varchar(191) DEFAULT NULL,
  `name_en` varchar(191) DEFAULT NULL,
  `desc_ar` text,
  `desc_en` text,
  `email` varchar(191) DEFAULT NULL,
  `skype_id` varchar(191) DEFAULT NULL,
  `created_at` timestamp NOT NULL DEFAULT CURRENT_TIMESTAMP,
  `updated_at` timestamp NOT NULL DEFAULT CURRENT_TIMESTAMP ON UPDATE CURRENT_TIMESTAMP
) ENGINE=InnoDB DEFAULT CHARSET=utf8mb4;

--
-- Dumping data for table `coachs`
--

INSERT INTO `coachs` (`id`, `name_ar`, `name_en`, `desc_ar`, `desc_en`, `email`, `skype_id`, `created_at`, `updated_at`) VALUES
(1, 'الدكتورة ريما عبدالله', 'Dr Reema Abdelah', 'هذا النص هو مثال لنص يمكن أن يستبدل في نفس المساحة، لقد تم توليد هذا النص من مولد النص\r\n                            العربى، حيث يمكنك أن تولد مثل هذا النص أو العديد من النصوص الأخرى إضافة إلى زيادة عدد\r\n                            الحروف التى يولدها التطبيق.\r\n                            هذا النص هو مثال لنص يمكن أن يستبدل في نفس المساحة، لقد تم توليد هذا النص من مولد النص\r\n                            العربى، حيث يمكنك أن تولد مثل هذا النص أو العديد من النصوص الأخرى إضافة إلى زيادة عدد\r\n                            الحروف التى يولدها التطبيق.\r\n                            هذا النص هو مثال لنص يمكن أن يستبدل في نفس المساحة، لقد تم توليد هذا النص من مولد النص\r\n                            العربى، حيث يمكنك أن تولد مثل هذا النص أو العديد من النصوص الأخرى إضافة إلى زيادة عدد\r\n                            الحروف التى يولدها التطبيق.', 'This text is an example of text that can be replaced in the same space. This text was generated from the text generator                             Arabic, where you can generate such a text or many other texts to add to the number increase                             Characters generated by the application.                             This text is an example of text that can be replaced in the same space. This text was generated from the text generator                             Arabic, where you can generate such a text or many other texts to add to the number increase                             Characters generated by the application.                             This text is an example of text that can be replaced in the same space. This text was generated from the text generator                             Arabic, where you can generate such a text or many other texts to add to the number increase                             Characters generated by the application.', 'dr.reema@coaching.sa', 'dr_reema', '2019-11-20 14:52:43', '2019-11-25 12:19:16'),
(2, 'الدكتورة ايمان الفايز', 'Dr Eman El-faaz', 'هذا النص هو مثال لنص يمكن أن يستبدل في نفس المساحة، لقد تم توليد هذا النص من مولد النص\r\n                            العربى، حيث يمكنك أن تولد مثل هذا النص أو العديد من النصوص الأخرى إضافة إلى زيادة عدد\r\n                            الحروف التى يولدها التطبيق.\r\n                            هذا النص هو مثال لنص يمكن أن يستبدل في نفس المساحة، لقد تم توليد هذا النص من مولد النص\r\n                            العربى، حيث يمكنك أن تولد مثل هذا النص أو العديد من النصوص الأخرى إضافة إلى زيادة عدد\r\n                            الحروف التى يولدها التطبيق.\r\n                            هذا النص هو مثال لنص يمكن أن يستبدل في نفس المساحة، لقد تم توليد هذا النص من مولد النص\r\n                            العربى، حيث يمكنك أن تولد مثل هذا النص أو العديد من النصوص الأخرى إضافة إلى زيادة عدد\r\n                            الحروف التى يولدها التطبيق.', 'This text is an example of text that can be replaced in the same space. This text was generated from the text generator                             Arabic, where you can generate such a text or many other texts to add to the number increase                             Characters generated by the application.                             This text is an example of text that can be replaced in the same space. This text was generated from the text generator                             Arabic, where you can generate such a text or many other texts to add to the number increase                             Characters generated by the application.                             This text is an example of text that can be replaced in the same space. This text was generated from the text generator                             Arabic, where you can generate such a text or many other texts to add to the number increase                             Characters generated by the application.', 'dr.eman@coaching.sa', 'dr_eman', '2019-11-20 14:52:43', '2019-11-25 12:19:36');

-- --------------------------------------------------------

--
-- Table structure for table `coach_dates`
--

CREATE TABLE `coach_dates` (
  `id` int(11) NOT NULL,
  `date` date DEFAULT NULL,
  `coach_id` int(11) DEFAULT NULL,
  `created_at` timestamp NOT NULL DEFAULT CURRENT_TIMESTAMP,
  `updated_at` timestamp NOT NULL DEFAULT CURRENT_TIMESTAMP ON UPDATE CURRENT_TIMESTAMP
) ENGINE=InnoDB DEFAULT CHARSET=utf8mb4;

--
-- Dumping data for table `coach_dates`
--

INSERT INTO `coach_dates` (`id`, `date`, `coach_id`, `created_at`, `updated_at`) VALUES
(1, '2019-11-28', 1, '2019-11-27 09:02:40', '2019-11-27 09:02:40'),
(2, '2019-11-29', 2, '2019-11-27 09:02:40', '2019-11-27 09:02:40'),
(6, '2019-12-01', 1, '2019-11-27 21:44:51', '2019-11-27 21:44:51'),
(7, '2019-12-31', 1, '2019-11-27 21:45:23', '2019-11-27 21:45:23');

-- --------------------------------------------------------

--
-- Table structure for table `coach_images`
--

CREATE TABLE `coach_images` (
  `id` int(11) NOT NULL,
  `image` varchar(191) DEFAULT NULL,
  `coach_id` int(11) DEFAULT NULL,
  `created_at` timestamp NOT NULL DEFAULT CURRENT_TIMESTAMP,
  `updated_at` timestamp NOT NULL DEFAULT CURRENT_TIMESTAMP ON UPDATE CURRENT_TIMESTAMP
) ENGINE=InnoDB DEFAULT CHARSET=utf8mb4;

--
-- Dumping data for table `coach_images`
--

INSERT INTO `coach_images` (`id`, `image`, `coach_id`, `created_at`, `updated_at`) VALUES
(6, 'http://127.0.0.1:8000/public/images/coach/21-11-1915743283621569089112.jpg', 1, '2019-11-21 10:26:02', '2019-11-21 10:26:02'),
(8, 'http://127.0.0.1:8000/public/images/coach/21-11-1915743283991276871064.jpg', 2, '2019-11-21 10:26:39', '2019-11-21 10:26:39'),
(11, 'http://127.0.0.1:8000/public/images/coach/25-11-1915746801191219427753.png', 2, '2019-11-25 12:08:39', '2019-11-25 12:08:39');

-- --------------------------------------------------------

--
-- Table structure for table `coach_times`
--

CREATE TABLE `coach_times` (
  `id` int(11) NOT NULL,
  `time_id` int(11) DEFAULT NULL,
  `coach_date_id` int(11) DEFAULT NULL,
  `coach_id` int(11) DEFAULT NULL,
  `created_at` timestamp NOT NULL DEFAULT CURRENT_TIMESTAMP,
  `updated_at` timestamp NOT NULL DEFAULT CURRENT_TIMESTAMP ON UPDATE CURRENT_TIMESTAMP
) ENGINE=InnoDB DEFAULT CHARSET=utf8mb4;

-- --------------------------------------------------------

--
-- Table structure for table `contacts`
--

CREATE TABLE `contacts` (
  `id` int(11) NOT NULL,
  `name` varchar(255) DEFAULT NULL,
  `email` varchar(255) DEFAULT NULL,
  `phone` varchar(100) DEFAULT NULL,
  `title` varchar(255) DEFAULT NULL,
  `message` text,
  `file` varchar(255) DEFAULT NULL,
  `type` varchar(10) DEFAULT 'user',
  `seen` tinyint(1) NOT NULL DEFAULT '0',
  `created_at` timestamp NULL DEFAULT CURRENT_TIMESTAMP,
  `updated_at` timestamp NULL DEFAULT CURRENT_TIMESTAMP ON UPDATE CURRENT_TIMESTAMP
) ENGINE=InnoDB DEFAULT CHARSET=utf8mb4;

--
-- Dumping data for table `contacts`
--

INSERT INTO `contacts` (`id`, `name`, `email`, `phone`, `title`, `message`, `file`, `type`, `seen`, `created_at`, `updated_at`) VALUES
(1, 'السيد سالم', 'lovedayar91@gmail.com', '966123456789', NULL, 'test message', NULL, 'user', 1, '2019-11-19 22:00:00', '2019-11-21 10:52:21'),
(2, 'Chiquita Bishop', 'qygen@mailinator.com', '966525412522', NULL, 'Cum aspernatur proid', NULL, 'user', 0, '2019-11-25 15:09:50', '2019-11-25 15:09:50'),
(6, 'Tiger Boyle', 'qutogoca@mailinator.com', '966525412522', NULL, 'Libero alias non qui', NULL, 'user', 0, '2019-11-25 15:13:52', '2019-11-25 15:13:52');

-- --------------------------------------------------------

--
-- Table structure for table `countries`
--

CREATE TABLE `countries` (
  `id` int(11) NOT NULL,
  `title_ar` varchar(255) DEFAULT NULL,
  `iso` varchar(255) DEFAULT NULL,
  `name` varchar(255) DEFAULT NULL,
  `title_en` varchar(255) DEFAULT NULL,
  `iso3` varchar(255) DEFAULT NULL,
  `numcode` varchar(255) DEFAULT NULL,
  `code` int(11) DEFAULT NULL,
  `currency` varchar(100) DEFAULT NULL,
  `currency_code` varchar(100) DEFAULT NULL,
  `currency_symbol` varchar(100) DEFAULT NULL,
  `rate_to_sar` double DEFAULT NULL,
  `created_at` timestamp NOT NULL DEFAULT CURRENT_TIMESTAMP,
  `updated_at` timestamp NOT NULL DEFAULT CURRENT_TIMESTAMP ON UPDATE CURRENT_TIMESTAMP
) ENGINE=InnoDB DEFAULT CHARSET=utf8mb4;

--
-- Dumping data for table `countries`
--

INSERT INTO `countries` (`id`, `title_ar`, `iso`, `name`, `title_en`, `iso3`, `numcode`, `code`, `currency`, `currency_code`, `currency_symbol`, `rate_to_sar`, `created_at`, `updated_at`) VALUES
(1, 'أفغانستان', 'AF', 'AFGHANISTAN', 'Afghanistan', 'AFG', '4', 93, 'Afghan afghani', 'AFN', '؋', NULL, '2019-05-09 08:52:09', '2019-07-29 09:02:09'),
(3, 'الجزائر', 'DZ', 'ALGERIA', 'Algeria', 'DZA', '12', 213, 'Algerian dinar', 'DZD', 'د.ج', NULL, '2019-05-09 08:52:09', '2019-07-29 09:02:10'),
(17, 'البحرين', 'BH', 'BAHRAIN', 'Bahrain', 'BHR', '48', 973, 'Bahraini dinar', 'BHD', '.د.ب', NULL, '2019-05-09 08:52:09', '2019-07-29 09:02:10'),
(48, 'جزر القمر', 'KM', 'COMOROS', 'Comoros', 'COM', '174', 269, 'Comorian franc', 'KMF', 'Fr', NULL, '2019-05-09 08:52:09', '2019-07-29 09:02:11'),
(63, 'مصر', 'EG', 'EGYPT', 'Egypt', 'EGY', '818', 20, 'Egyptian pound', 'EGP', 'ج.م', NULL, '2019-05-09 08:52:09', '2019-07-29 09:04:34'),
(68, 'أثيوبيا', 'ET', 'ETHIOPIA', 'Ethiopia', 'ETH', '231', 251, 'Ethiopian birr', 'ETB', 'Br', NULL, '2019-05-09 08:52:09', '2019-07-29 09:02:12'),
(100, 'أندونيسيا', 'ID', 'INDONESIA', 'Indonesia', 'IDN', '360', 62, 'Indonesian rupiah', 'IDR', 'Rp', NULL, '2019-05-09 08:52:09', '2019-07-29 09:02:13'),
(101, 'جمهورية إيران الإسلامية', 'IR', 'IRAN, ISLAMIC REPUBLIC OF', 'Iran, Islamic Republic of', 'IRN', '364', 98, '0', NULL, NULL, NULL, '2019-05-09 08:52:09', '2019-06-18 05:49:22'),
(102, 'العراق', 'IQ', 'IRAQ', 'Iraq', 'IRQ', '368', 964, 'Iraqi dinar', 'IQD', 'ع.د', NULL, '2019-05-09 08:52:09', '2019-07-29 09:02:13'),
(108, 'الأردن', 'JO', 'JORDAN', 'Jordan', 'JOR', '400', 962, 'Jordanian dinar', 'JOD', 'د.ا', NULL, '2019-05-09 08:52:09', '2019-07-29 09:02:13'),
(114, 'الكويت', 'KW', 'KUWAIT', 'Kuwait', 'KWT', '414', 965, 'Kuwaiti dinar', 'KWD', 'د.ك', NULL, '2019-05-09 08:52:09', '2019-07-29 09:02:13'),
(118, 'لبنان', 'LB', 'LEBANON', 'Lebanon', 'LBN', '422', 961, 'Lebanese pound', 'LBP', 'ل.ل', NULL, '2019-05-09 08:52:09', '2019-07-29 09:02:13'),
(121, 'الجماهيرية العربية الليبية', 'LY', 'LIBYAN ARAB JAMAHIRIYA', 'Libyan Arab Jamahiriya', 'LBY', '434', 218, '0', NULL, NULL, NULL, '2019-05-09 08:52:09', '2019-06-18 05:49:23'),
(129, 'ماليزيا', 'MY', 'MALAYSIA', 'Malaysia', 'MYS', '458', 60, 'Malaysian ringgit', 'MYR', 'RM', NULL, '2019-05-09 08:52:09', '2019-07-29 09:02:14'),
(144, 'المغرب', 'MA', 'MOROCCO', 'Morocco', 'MAR', '504', 212, 'Moroccan dirham', 'MAD', 'د.م.', NULL, '2019-05-09 08:52:09', '2019-07-29 09:02:14'),
(156, 'نيجيريا', 'NG', 'NIGERIA', 'Nigeria', 'NGA', '566', 234, 'Nigerian naira', 'NGN', '₦', NULL, '2019-05-09 08:52:09', '2019-07-29 09:02:15'),
(161, 'سلطنة عمان', 'OM', 'OMAN', 'Oman', 'OMN', '512', 968, 'Omani rial', 'OMR', 'ر.ع.', NULL, '2019-05-09 08:52:09', '2019-07-29 09:02:15'),
(162, 'باكستان', 'PK', 'PAKISTAN', 'Pakistan', 'PAK', '586', 92, 'Pakistani rupee', 'PKR', '₨', NULL, '2019-05-09 08:52:09', '2019-07-29 09:02:15'),
(164, 'فلسطين', 'PS', 'PALESTINIAN TERRITORY, OCCUPIED', 'Palestinian Territory, Occupied', NULL, NULL, 970, '0', NULL, NULL, NULL, '2019-05-09 08:52:09', '2019-11-12 09:14:31'),
(174, 'قطر', 'QA', 'QATAR', 'Qatar', 'QAT', '634', 974, 'Qatari riyal', 'QAR', 'ر.ق', NULL, '2019-05-09 08:52:09', '2019-11-12 09:14:42'),
(187, 'المملكة العربية السعودية', 'SA', 'SAUDI ARABIA', 'Saudi Arabia', 'SAU', '682', 966, 'Saudi riyal', 'SAR', 'ر.س', NULL, '2019-05-09 08:52:09', '2019-07-29 09:02:16'),
(201, 'سودان', 'SD', 'SUDAN', 'Sudan', 'SDN', '736', 249, 'Sudanese pound', 'SDG', 'ج.س.', NULL, '2019-05-09 08:52:09', '2019-07-29 09:02:16'),
(207, 'الجمهورية العربية السورية', 'SY', 'SYRIAN ARAB REPUBLIC', 'Syrian Arab Republic', 'SYR', '760', 963, '', '', '', NULL, '2019-05-09 08:52:09', '2019-07-29 09:02:17'),
(217, 'تونس', 'TN', 'TUNISIA', 'Tunisia', 'TUN', '788', 216, 'Tunisian dinar', 'TND', 'د.ت', NULL, '2019-05-09 08:52:09', '2019-07-29 09:02:17'),
(218, 'تركيا', 'TR', 'TURKEY', 'Turkey', 'TUR', '792', 90, 'Turkish lira', 'TRY', '', NULL, '2019-05-09 08:52:09', '2019-07-29 09:02:17'),
(224, 'الإمارات العربية المتحدة', 'AE', 'UNITED ARAB EMIRATES', 'United Arab Emirates', 'ARE', '784', 971, 'United Arab Emirates', 'AED', 'د.إ', NULL, '2019-05-09 08:52:09', '2019-07-29 09:02:17'),
(237, 'اليمن', 'YE', 'YEMEN', 'Yemen', 'YEM', '887', 967, 'Yemeni rial', 'YER', '﷼', NULL, '2019-05-09 08:52:09', '2019-07-29 09:02:18');

-- --------------------------------------------------------

--
-- Table structure for table `days`
--

CREATE TABLE `days` (
  `id` int(11) NOT NULL,
  `title_ar` varchar(100) DEFAULT NULL,
  `title_en` varchar(100) DEFAULT NULL,
  `iso_ar` varchar(50) DEFAULT NULL,
  `iso_en` varchar(50) DEFAULT NULL,
  `created_at` timestamp NOT NULL DEFAULT CURRENT_TIMESTAMP,
  `updated_at` timestamp NOT NULL DEFAULT CURRENT_TIMESTAMP ON UPDATE CURRENT_TIMESTAMP
) ENGINE=InnoDB DEFAULT CHARSET=utf8mb4;

--
-- Dumping data for table `days`
--

INSERT INTO `days` (`id`, `title_ar`, `title_en`, `iso_ar`, `iso_en`, `created_at`, `updated_at`) VALUES
(1, 'السبت', 'saturday', 'اس', 'st', '2019-07-14 14:30:00', '2019-07-14 14:30:00'),
(2, 'الاحد', 'sunday', 'اح', 'su', '2019-07-14 14:30:00', '2019-07-14 14:30:00'),
(3, 'الاثنين', 'monday', 'اث', 'mo', '2019-07-14 14:30:00', '2019-07-14 14:30:00'),
(4, 'الثلاثاء', 'tuesday', 'ثل', 'tu', '2019-07-14 14:30:00', '2019-07-14 14:30:00'),
(5, 'الاربعاء', 'wednesday', 'ار', 'we', '2019-07-14 14:30:00', '2019-07-14 14:30:00'),
(6, 'الخميس', 'thursday', 'خم', 'th', '2019-07-14 14:30:00', '2019-07-14 14:30:00'),
(7, 'الجمعة', 'friday', 'جم', 'fr', '2019-07-14 14:30:00', '2019-07-14 14:30:00');

-- --------------------------------------------------------

--
-- Table structure for table `devices`
--

CREATE TABLE `devices` (
  `id` int(11) NOT NULL,
  `user_id` int(10) UNSIGNED DEFAULT NULL,
  `device_type` varchar(50) DEFAULT NULL COMMENT 'android , ios',
  `device_id` varchar(255) DEFAULT NULL,
  `created_at` timestamp NOT NULL DEFAULT CURRENT_TIMESTAMP,
  `updated_at` timestamp NOT NULL DEFAULT CURRENT_TIMESTAMP ON UPDATE CURRENT_TIMESTAMP
) ENGINE=InnoDB DEFAULT CHARSET=utf8mb4;

--
-- Dumping data for table `devices`
--

INSERT INTO `devices` (`id`, `user_id`, `device_type`, `device_id`, `created_at`, `updated_at`) VALUES
(2, 8, 'ios', '11111', '2019-08-29 11:58:44', '2019-09-12 10:40:33'),
(3, 39, 'android', '1111111', '2019-09-03 16:50:18', '2019-10-20 12:56:31'),
(5, 41, 'android', '1111', '2019-09-09 04:58:38', '2019-09-30 21:53:43'),
(6, 4, 'ios', '11111111111', '2019-09-10 15:10:51', '2019-10-24 12:08:28'),
(7, 42, 'ios', '1111111111', '2019-09-12 11:23:56', '2019-10-03 09:17:45'),
(12, 92, 'android', 'fooJH37SRro:APA91bFwJfT-yy3bSJqTlgls4ZXszjmb38zFM3xmyfmN-bN94on6uQIUIPaKa7zJvv7skfLSqp9_7YJIOMP9Z71tKlpDvkDEK0ZIN3HLkc7gepbcSElMlEZw8qu6NubFMw_chqQNMoWS', '2019-10-23 09:20:17', '2019-11-10 11:06:09'),
(16, 68, 'android', 'dblv8xG6XZ4:APA91bGGoaYPSrUe10gR_6cMAKz3KLWfZ7ormwOxivf5w-qrGfCdJVxbywBoRAfBDD5kJgr49jD0neKmNwJjvpaJQXC72lkboptxsdl6N9-7tvJrueYW1KU3bj2vtmF08A5cGR4cmUZo', '2019-10-24 10:06:42', '2019-10-24 10:06:42'),
(17, 61, 'android', 'dO0Vdm8SnUA:APA91bGJbAPwQKdd4qwnZfrLJHIiKiEeGG3Ncu8JkXcU3zKgAt0N39MXkt3E5L9Ut15txcX1KpP4_wBld9EZF8s54614dtaT4OnynU_AQqwQKQD0MCtMdRALav4BnxLL-6slE6D-m9pf', '2019-10-24 10:44:00', '2019-10-24 10:45:30'),
(18, 61, 'android', 'ehvAxnhZeA0:APA91bHC9W-9FRSVGayvJMALhkaKKhlw2cWtlyT1nDMC0ellmjl1kiTasAGRbIBB_mArDMzbt3sslW6Gos5RNK6qZnlDGKbr9NkFr7LdO6oQizkRWAgyOLBozvvip7-ETK5t1ZdVeOcD', '2019-10-24 10:44:08', '2019-10-24 10:44:38'),
(19, 53, 'android', 'fgBZpHFhXSA:APA91bGuipFYsetqlCufm9Nswnw7ggwwmzeF-DIpzvmURL08-jWFBPWNQwq1GniyLitAJukRh9Q33GX3NtzrpDIy069b3HirT_8WKISyDdVD7x_IPAJEYnY-PWD2iepIz1-wHLCzD393', '2019-10-24 10:44:52', '2019-10-24 10:44:52'),
(20, 69, 'android', 'drefXeAzIxU:APA91bFtQ443mYgCemGIfQZQqIrr3m6Y4_7tAo29nk_2iwneVXb3_QLArBBNktp1BA8PaxrtcZE3KcroKclhoSwHU2Upr2zQlBeFvW0VklK0ObrM5j9pF7TU0GUUOUrHnifWlIciNXw8', '2019-10-24 15:49:11', '2019-10-27 13:45:24'),
(21, 53, 'android', 'fuwB2Rwffr4:APA91bGHqZQUzFUgoIYsAMm4-Pw2ZpvZaTid8b7Q3ZdqzO6vvBVgyUGyg6F9yPXYjMTGiRKWLrW_fzC8411emH463LCmwg8Rl_WebwpKJ2b-L8tz3zEcUMfW6iVZtVhRtUZcyDXcidMY', '2019-10-27 11:42:34', '2019-10-27 11:42:34'),
(22, 61, 'android', 'd9oQNXGWu4w:APA91bE5SYB_uQy_KSotTkN6TyieZx8d-_Xc2GjZ4jBnuwM-zGCY74kDgIwPzOvaC5VCbdq-GROifnRlMhPwRG_TKcQiuVq2sVIbU5NnwkJmp7tYKS7-N_oH6u7GSp8vqtzx827QOyqF', '2019-10-27 13:27:54', '2019-10-27 13:27:54'),
(24, 4, 'ios', 'e1-FgznP2Rc:APA91bFXqdYc8-t_xPq625IAjC1F7XnBuISqfQAE-2744ZsdtkBXVgAuQHWcd4yEKNFTo7gi-lXAQHpvdxAKqX2Fh8xIDcNAvcxFh-9CHvDK8iqblA4vAuXPuIyvZpYFAgAy0VW3lki6', '2019-10-27 13:45:06', '2019-10-27 13:45:06'),
(25, 4, 'ios', 'f6toEvLWcho:APA91bGmmday88B8-aAibZ0nFD3yBZNW3jIrDudlMYKnZPgJifF2mCV4DL1PBNYzt17Akjd4DG0Ad7u6ApmHKWPExbRvpJws7tmaZVgZXn0EBaRau_u9LF3ssktTWXW9WnfxsAG7jW17', '2019-10-27 16:17:03', '2019-10-27 16:17:03'),
(26, 53, 'android', 'cGJnyCod_Zo:APA91bG-QOxbaSOadFEi-Kpjy4PdE3IxhGWNdUCf0EcF78wULyBNYz5rCMN9NNL_rrauXhDfib-6cdeVbz6DKxiK2Pg9JtjcmU3RYksRGRkcOIf0Wyw5kUNjUFHmOT3pK31k3tpRjj96', '2019-10-27 16:34:54', '2019-10-27 16:34:54'),
(27, 61, 'android', 'dj65f4X1-AM:APA91bEuZix1J8KWl8ajlxEeOWVhlY-Qd06Aa7QuZE_KYRr9nvGQWOW8p4NXa5jSfG8iQ-TbAxGdfc51NX4gCg_5eGI8YyCkaknyHofdFlbr4o2PIlwUSHRZYvOBKQ1ha6zo60mv4M_B', '2019-10-27 16:35:34', '2019-10-27 16:35:34'),
(29, 82, 'android', 'e3evMFRiN34:APA91bFo2WCLuJldn6VUeR9_MPVJ4HLeAYjRgqSvQDJ4GagC3nR2-mWXUTY9wxqbsCoYnuPWDA6H1YBZ-JmpDiGNr4uriCHu6t1GkgwcAgE1ujTUIP4rN1s-m96Sc-V74GL1nZ5I57Lt', '2019-10-28 13:31:28', '2019-10-29 09:49:22'),
(32, 84, 'ios', 'd2M_Re7wGKw:APA91bEbX34IiM22jlcdMeIeyXNUpt28KSQcStUlu7EIDM4BgaUntbFgh8hnTX9SMO6cBqcMeEs7yXiMYu6oh2P2htYVdj62b-6Taux1xoSrk2hwLtpUhTVagidciR6p59TpvJV5fjlv', '2019-10-29 15:18:04', '2019-10-29 15:18:04'),
(42, 91, 'android', 'fwDFs_BSgKQ:APA91bGWrb7sJYQBSQ6RuihayGI0iNnXv-JSF26YmV3M2AUY0jd35ZKdjfaOzVqGKm5_x-D-2fHxziVktTfAjbroF1hjlEttTN48nZZ3LDMbhPoXDvMFGTVhM5vQgDfWbV9Yzwt47E_Y', '2019-10-30 14:23:48', '2019-10-31 15:51:02'),
(47, 88, 'android', 'dn_x_FdcXAE:APA91bG64EzinXbyGcgp2pZkkKijwlJvaFuh3FtCL2MjiVxKcGPH_wy-QGoCpSeiCKgF64vDZHi_UoC6ZHCCBbqmPOQ5evdTkE3Ah7c8_tOW-rtw6fYMHMWSpWJ5QdORHPuUUsNyUWxa', '2019-10-30 15:39:01', '2019-10-30 15:42:04'),
(72, 1, 'android', 'f7YwYKNihe4:APA91bGkdFnUwnYyuvfQQbMp-sD7RKv-y6MsWWtDZUjCC6ba6JJLQobuianH96PyfxpyvCWgXRlqH2Qj7aJvwxCnfhAIE6i228X_v0AwCDr4YyvPsYCnnQaQicLBiTGpUdAJ1v4u6vv3', '2019-11-01 10:57:57', '2019-11-01 10:57:57'),
(92, 84, 'android', 'ed2kAKZan5M:APA91bHq2dATlC4lXOk64EhMR9drv9WscoW1k-QqjtQiZbDwhegYe32JCxEkQpdxW9l3uEeKb_sf6fivLsBJhP1RxY0sLkYi7ROhtk_F0XyjY7QM9KfRrbuEh2o-NtN6jv2XzQjwEJzx', '2019-11-02 14:32:04', '2019-11-03 04:18:02'),
(112, 92, 'ios', 'cXAjLDSViPk:APA91bHh8oh0UYVxH1rLLwIu72Hbi9eRn74N5zxcbSzWbANDjMpxATk3VRrHnfouSdH277exopwqB2P0p76rgireLafj32Ocx11VdHJkkciIFUytCtMzpJpWXN8LJ4CNFhzW2ZCRAPyc', '2019-11-03 17:08:26', '2019-11-03 17:08:26'),
(114, 84, 'ios', 'c3T5-_r_dbs:APA91bHGAxJEFCpXG2fQ08GVVKCeJnxTCuXoj8lg0-k6Op9fQrG8eAlu460nrkiqUXMFJ1U4mBoZ5ZzSdiSk2ygFIeHKIy32rSIrRj1cJN84AmEvgEHaS2FumR6lrv5LQ4TAj646sfFE', '2019-11-03 17:18:37', '2019-11-03 17:18:37'),
(119, 110, 'ios', 'd1hI2qcQeTs:APA91bEXMEGXeyaBPVDjCq18e3oETV2nGxG4XOJT7jQ6ha1Tg4g1Cm3OA60TSy44pl7ABv9ja17Sc404gfql3lyFMAlORHLV0eWqQWBX1t-7AF4QyDJO2ZXq3sVE4feSRRRoELfeddim', '2019-11-03 18:09:03', '2019-11-03 18:09:03'),
(120, 94, 'android', 'eyk-KCAXMVM:APA91bGbmzz4C5UEE-bZAxMCmXwbSA5XybXDW0BrUcTCYrhooFWV_TBFAJQ9Y5JMS9V-g_HyMqqMoc6hrDen6DbBJtfzhqiMi75tcOOMyW9YAtVMp64WVHf4kgZGLkF5n_Ngs9dcd4c2', '2019-11-04 09:33:28', '2019-11-04 09:33:28'),
(121, 117, 'android', 'dQ4z0vXWwog:APA91bEzw_W5l8aUHrRIteO4AjHMOc3glMLjf4z_eLY7GG0lWTRpDmH2PSVvRdoBj0ZRIF7Mbopoz0M3ZFvGroJ7Asj9vNsVCN_0UJs5WmgnRYrDpMesdsiofPBvK0jPbgPcO6pT3ENC', '2019-11-10 14:04:39', '2019-11-11 12:56:23'),
(122, 118, 'android', 'cjk5MWyZFps:APA91bFfPDCDJvKpbj56JTb0V7UQ-XDB24tpgGbgmTBw9UkJnaYecODnRopKze0uel5Zbjm41xw_-5sYr8JUGUXrJe409gG5xZguLYTpcvl90D_r-kR0xe8Bzego8VvQKusC9jzf6l1L', '2019-11-11 13:02:11', '2019-11-11 13:02:11'),
(123, 116, 'android', 'fA8uTEED1BU:APA91bFFqqdK84x10O7ce5LdmfVB4CPVl-orxBbv9hjAKXeqI7YfsY3WQbzCozB1qjWT9cRw8Pc6eABIhDIjCN11MDdzw5hevoV8EMKqMiTlpy924WBvgDC1GVZo9XmTLIBzSAbzAdAs', '2019-11-11 14:33:58', '2019-11-11 14:33:58');

-- --------------------------------------------------------

--
-- Table structure for table `links`
--

CREATE TABLE `links` (
  `id` int(11) NOT NULL,
  `title_ar` varchar(191) DEFAULT NULL,
  `title_en` varchar(191) DEFAULT NULL,
  `url` varchar(191) DEFAULT NULL,
  `created_at` timestamp NULL DEFAULT CURRENT_TIMESTAMP,
  `updated_at` timestamp NOT NULL DEFAULT CURRENT_TIMESTAMP ON UPDATE CURRENT_TIMESTAMP
) ENGINE=InnoDB DEFAULT CHARSET=utf8mb4;

--
-- Dumping data for table `links`
--

INSERT INTO `links` (`id`, `title_ar`, `title_en`, `url`, `created_at`, `updated_at`) VALUES
(1, 'ويكبيديا', 'Wikipedia', 'https://www.wikipedia.org', '2019-11-20 10:23:14', '2019-11-20 10:23:14'),
(2, 'يوتيوب', 'Youtube', 'https://www.youtube.com', '2019-11-20 10:25:42', '2019-11-20 10:25:42');

-- --------------------------------------------------------

--
-- Table structure for table `migrations`
--

CREATE TABLE `migrations` (
  `id` int(10) UNSIGNED NOT NULL,
  `migration` varchar(191) NOT NULL,
  `batch` int(11) NOT NULL
) ENGINE=InnoDB DEFAULT CHARSET=utf8mb4;

--
-- Dumping data for table `migrations`
--

INSERT INTO `migrations` (`id`, `migration`, `batch`) VALUES
(1, '2014_10_12_000000_create_users_table', 1),
(2, '2014_10_12_100000_create_password_resets_table', 1),
(3, '2018_06_26_110013_create_roles_table', 1),
(4, '2018_06_26_110120_create_permissions_table', 1),
(5, '2018_07_01_104552_create_reports_table', 1),
(6, '2018_07_01_123905_create_app_seetings_table', 1),
(7, '2018_07_02_074616_create_socials_table', 1);

-- --------------------------------------------------------

--
-- Table structure for table `neighborhoods`
--

CREATE TABLE `neighborhoods` (
  `id` int(11) NOT NULL,
  `title_ar` varchar(255) DEFAULT NULL,
  `title_en` varchar(255) DEFAULT NULL,
  `country_id` int(11) DEFAULT NULL,
  `city_id` int(11) DEFAULT NULL,
  `created_at` timestamp NOT NULL DEFAULT CURRENT_TIMESTAMP,
  `updated_at` timestamp NOT NULL DEFAULT CURRENT_TIMESTAMP
) ENGINE=InnoDB DEFAULT CHARSET=utf8mb4;

--
-- Dumping data for table `neighborhoods`
--

INSERT INTO `neighborhoods` (`id`, `title_ar`, `title_en`, `country_id`, `city_id`, `created_at`, `updated_at`) VALUES
(7, 'قرناطة', 'Qrnata', NULL, 4, '2019-07-24 12:34:30', '2019-07-24 12:34:30'),
(8, 'النخيل', 'Elnakhel', NULL, 4, '2019-07-24 12:35:20', '2019-07-24 12:35:20');

-- --------------------------------------------------------

--
-- Table structure for table `notifications`
--

CREATE TABLE `notifications` (
  `id` int(11) NOT NULL,
  `from_id` int(10) UNSIGNED DEFAULT NULL,
  `to_id` int(10) UNSIGNED DEFAULT NULL,
  `message_ar` text,
  `message_en` text,
  `order_id` int(11) DEFAULT NULL,
  `seen` tinyint(1) NOT NULL DEFAULT '0',
  `confirm` tinyint(1) NOT NULL DEFAULT '0',
  `type` varchar(100) NOT NULL DEFAULT 'order' COMMENT 'order , admin',
  `created_at` timestamp NOT NULL DEFAULT CURRENT_TIMESTAMP,
  `updated_at` timestamp NOT NULL DEFAULT CURRENT_TIMESTAMP ON UPDATE CURRENT_TIMESTAMP
) ENGINE=InnoDB DEFAULT CHARSET=utf8mb4;

-- --------------------------------------------------------

--
-- Table structure for table `orders`
--

CREATE TABLE `orders` (
  `id` int(11) NOT NULL,
  `user_id` int(10) UNSIGNED DEFAULT NULL,
  `coach_id` int(10) DEFAULT NULL,
  `section_id` int(11) DEFAULT NULL,
  `date` date DEFAULT NULL,
  `full_date` timestamp NULL DEFAULT NULL,
  `time_id` int(11) DEFAULT NULL,
  `created_at` timestamp NOT NULL DEFAULT CURRENT_TIMESTAMP,
  `updated_at` timestamp NOT NULL DEFAULT CURRENT_TIMESTAMP ON UPDATE CURRENT_TIMESTAMP
) ENGINE=InnoDB DEFAULT CHARSET=utf8mb4;

--
-- Dumping data for table `orders`
--

INSERT INTO `orders` (`id`, `user_id`, `coach_id`, `section_id`, `date`, `full_date`, `time_id`, `created_at`, `updated_at`) VALUES
(58, 3, 1, 5, '2019-11-27', '2019-11-27 16:00:00', 18, '2019-11-27 17:04:56', '2019-11-27 16:11:04'),
(59, 1, 1, 5, '2019-12-03', '2019-12-02 23:00:00', 1, '2019-11-27 21:45:58', '2019-11-27 21:55:58');

-- --------------------------------------------------------

--
-- Table structure for table `our_customers`
--

CREATE TABLE `our_customers` (
  `id` int(11) NOT NULL,
  `name_ar` varchar(191) DEFAULT NULL,
  `name_en` varchar(191) DEFAULT NULL,
  `desc_ar` text,
  `desc_en` text,
  `image` varchar(191) NOT NULL,
  `created_at` timestamp NULL DEFAULT CURRENT_TIMESTAMP,
  `updated_at` timestamp NULL DEFAULT CURRENT_TIMESTAMP ON UPDATE CURRENT_TIMESTAMP
) ENGINE=InnoDB DEFAULT CHARSET=utf8mb4;

--
-- Dumping data for table `our_customers`
--

INSERT INTO `our_customers` (`id`, `name_ar`, `name_en`, `desc_ar`, `desc_en`, `image`, `created_at`, `updated_at`) VALUES
(1, 'تامر احمد', 'Tamer Ahmed', 'هذا النص هو مثال لنص يمكن أن يستبدل في نفس المساحة، لقد تم توليد هذا النص من مولد النصالعربى، حيث يمكنك أن تولد مثل هذا النص أو العديد من النصوص الأخرى إضافة إلى زيادة عددالحروف التى يولدها التطبيق .', 'This text is an example of a text that can be replaced in the same space.', 'http://127.0.0.1:8000/public/images/our_customer/24-11-1915745970131861707972.png', '2019-11-20 10:42:07', '2019-11-24 13:06:08'),
(2, 'عمر محمد', 'Omar Mohammed', 'هذا النص هو مثال لنص يمكن أن يستبدل في نفس المساحة، لقد تم توليد هذا النص من مولد النصالعربى، حيث يمكنك أن تولد مثل هذا النص أو العديد من النصوص الأخرى إضافة إلى زيادة عددالحروف التى يولدها التطبيق .', 'This text is an example of a text that can be replaced in the same space.', 'http://127.0.0.1:8000/public/images/our_customer/24-11-1915745970231466068907.png', '2019-11-20 10:43:15', '2019-11-24 13:06:02'),
(3, 'عبدالرحمن محمد', 'AbdelRahman Mohammed', 'هذا النص هو مثال لنص يمكن أن يستبدل في نفس المساحة، لقد تم توليد هذا النص من مولد النصالعربى، حيث يمكنك أن تولد مثل هذا النص أو العديد من النصوص الأخرى إضافة إلى زيادة عددالحروف التى يولدها التطبيق .', 'This text is an example of a text that can be replaced in the same space.', 'http://127.0.0.1:8000/public/images/our_customer/24-11-1915745971281396358788.png', '2019-11-24 13:05:28', '2019-11-24 13:05:28');

-- --------------------------------------------------------

--
-- Table structure for table `packages`
--

CREATE TABLE `packages` (
  `id` int(11) NOT NULL,
  `title_ar` varchar(300) DEFAULT NULL,
  `title_en` varchar(300) DEFAULT NULL,
  `desc_ar` text,
  `desc_en` text,
  `price` double DEFAULT NULL,
  `session_count` int(11) NOT NULL DEFAULT '1',
  `section_id` int(11) DEFAULT NULL,
  `created_at` timestamp NOT NULL DEFAULT CURRENT_TIMESTAMP,
  `updated_at` timestamp NOT NULL DEFAULT CURRENT_TIMESTAMP ON UPDATE CURRENT_TIMESTAMP
) ENGINE=InnoDB DEFAULT CHARSET=utf8mb4;

--
-- Dumping data for table `packages`
--

INSERT INTO `packages` (`id`, `title_ar`, `title_en`, `desc_ar`, `desc_en`, `price`, `session_count`, `section_id`, `created_at`, `updated_at`) VALUES
(1, 'الباقة الفضية', 'Silver Package', 'نص قابل للتعديل', 'Adjustable text', 900, 3, 5, '2019-11-20 13:08:32', '2019-11-26 17:01:57'),
(2, 'الباقة الذهبية', 'Gold Package', 'نص قابل للتعديل', 'Adjustable text', 1800, 6, 5, '2019-11-20 13:22:04', '2019-11-26 17:02:25'),
(3, 'الباقة البلاتينية', 'Platinum Package', 'نص قابل للتعديل', 'Adjustable text', 2700, 9, 5, '2019-11-20 13:28:15', '2019-11-26 17:02:40'),
(4, 'الباقة الفضية', 'Silver Package', 'نص قابل للتعديل', 'Adjustable text', 1500, 3, 3, '2019-11-20 13:29:15', '2019-11-26 17:03:07'),
(5, 'الباقة الذهبية', 'Gold Package', 'نص قابل للتعديل', 'Adjustable text', 3000, 6, 3, '2019-11-20 13:29:57', '2019-11-26 17:03:25'),
(6, 'الباقة البلاتينية', 'Platinum Package', 'نص قابل للتعديل', 'Adjustable text', 4500, 9, 3, '2019-11-20 13:30:36', '2019-11-26 17:03:49'),
(7, 'الباقة الفضية', 'Silver Package', 'نص قابل للتعديل', 'Adjustable text', 1500, 3, 4, '2019-11-20 13:31:07', '2019-11-26 17:04:28'),
(8, 'الباقة الذهبية', 'Gold Package', 'نص قابل للتعديل', 'Adjustable text', 3000, 6, 4, '2019-11-20 13:31:46', '2019-11-26 17:04:52'),
(9, 'الباقة البلاتينية', 'Platinum Package', 'نص قابل للتعديل', 'Adjustable text', 4500, 9, 4, '2019-11-20 13:32:25', '2019-11-26 17:05:09');

-- --------------------------------------------------------

--
-- Table structure for table `password_resets`
--

CREATE TABLE `password_resets` (
  `email` varchar(191) NOT NULL,
  `token` varchar(191) NOT NULL,
  `created_at` timestamp NULL DEFAULT NULL
) ENGINE=InnoDB DEFAULT CHARSET=utf8mb4;

-- --------------------------------------------------------

--
-- Table structure for table `permissions`
--

CREATE TABLE `permissions` (
  `id` int(10) UNSIGNED NOT NULL,
  `permissions` varchar(191) NOT NULL,
  `role_id` int(10) UNSIGNED NOT NULL,
  `created_at` timestamp NULL DEFAULT NULL,
  `updated_at` timestamp NULL DEFAULT NULL
) ENGINE=InnoDB DEFAULT CHARSET=utf8mb4;

--
-- Dumping data for table `permissions`
--

INSERT INTO `permissions` (`id`, `permissions`, `role_id`, `created_at`, `updated_at`) VALUES
(4175, 'dashboard', 1, '2019-11-27 19:26:02', '2019-11-27 19:26:02'),
(4176, 'permissionslist', 1, '2019-11-27 19:26:02', '2019-11-27 19:26:02'),
(4177, 'addpermissionspage', 1, '2019-11-27 19:26:02', '2019-11-27 19:26:02'),
(4178, 'addpermission', 1, '2019-11-27 19:26:02', '2019-11-27 19:26:02'),
(4179, 'editpermissionpage', 1, '2019-11-27 19:26:02', '2019-11-27 19:26:02'),
(4180, 'updatepermission', 1, '2019-11-27 19:26:02', '2019-11-27 19:26:02'),
(4181, 'deletepermission', 1, '2019-11-27 19:26:02', '2019-11-27 19:26:02'),
(4182, 'settings', 1, '2019-11-27 19:26:02', '2019-11-27 19:26:02'),
(4183, 'sitesetting', 1, '2019-11-27 19:26:02', '2019-11-27 19:26:02'),
(4184, 'add-social', 1, '2019-11-27 19:26:02', '2019-11-27 19:26:02'),
(4185, 'update-social', 1, '2019-11-27 19:26:02', '2019-11-27 19:26:02'),
(4186, 'delete-social', 1, '2019-11-27 19:26:02', '2019-11-27 19:26:02'),
(4187, 'intro', 1, '2019-11-27 19:26:02', '2019-11-27 19:26:02'),
(4188, 'pages', 1, '2019-11-27 19:26:02', '2019-11-27 19:26:02'),
(4189, 'SEO', 1, '2019-11-27 19:26:03', '2019-11-27 19:26:03'),
(4190, 'admins', 1, '2019-11-27 19:26:03', '2019-11-27 19:26:03'),
(4191, 'addadmin', 1, '2019-11-27 19:26:03', '2019-11-27 19:26:03'),
(4192, 'updateadmin', 1, '2019-11-27 19:26:03', '2019-11-27 19:26:03'),
(4193, 'deleteadmin', 1, '2019-11-27 19:26:03', '2019-11-27 19:26:03'),
(4194, 'deleteadmins', 1, '2019-11-27 19:26:03', '2019-11-27 19:26:03'),
(4195, 'users', 1, '2019-11-27 19:26:03', '2019-11-27 19:26:03'),
(4196, 'coachs', 1, '2019-11-27 19:26:03', '2019-11-27 19:26:03'),
(4197, 'editcoach', 1, '2019-11-27 19:26:03', '2019-11-27 19:26:03'),
(4198, 'updatecoach', 1, '2019-11-27 19:26:03', '2019-11-27 19:26:03'),
(4199, 'sections', 1, '2019-11-27 19:26:03', '2019-11-27 19:26:03'),
(4200, 'addsection', 1, '2019-11-27 19:26:03', '2019-11-27 19:26:03'),
(4201, 'updatesection', 1, '2019-11-27 19:26:03', '2019-11-27 19:26:03'),
(4202, 'deletesection', 1, '2019-11-27 19:26:03', '2019-11-27 19:26:03'),
(4203, 'deletesections', 1, '2019-11-27 19:26:04', '2019-11-27 19:26:04'),
(4204, 'packages', 1, '2019-11-27 19:26:04', '2019-11-27 19:26:04'),
(4205, 'addpackage', 1, '2019-11-27 19:26:04', '2019-11-27 19:26:04'),
(4206, 'updatepackage', 1, '2019-11-27 19:26:04', '2019-11-27 19:26:04'),
(4207, 'deletepackage', 1, '2019-11-27 19:26:04', '2019-11-27 19:26:04'),
(4208, 'deletepackages', 1, '2019-11-27 19:26:04', '2019-11-27 19:26:04'),
(4209, 'user_packages', 1, '2019-11-27 19:26:04', '2019-11-27 19:26:04'),
(4210, 'orders', 1, '2019-11-27 19:26:04', '2019-11-27 19:26:04'),
(4211, 'currentorder', 1, '2019-11-27 19:26:04', '2019-11-27 19:26:04'),
(4212, 'finishorder', 1, '2019-11-27 19:26:04', '2019-11-27 19:26:04'),
(4213, 'todayorder', 1, '2019-11-27 19:26:04', '2019-11-27 19:26:04'),
(4214, 'tomorroworder', 1, '2019-11-27 19:26:04', '2019-11-27 19:26:04'),
(4215, 'questions', 1, '2019-11-27 19:26:04', '2019-11-27 19:26:04'),
(4216, 'addquestion', 1, '2019-11-27 19:26:04', '2019-11-27 19:26:04'),
(4217, 'updatequestion', 1, '2019-11-27 19:26:04', '2019-11-27 19:26:04'),
(4218, 'deletequestion', 1, '2019-11-27 19:26:04', '2019-11-27 19:26:04'),
(4219, 'deletequestions', 1, '2019-11-27 19:26:04', '2019-11-27 19:26:04'),
(4220, 'register_lows', 1, '2019-11-27 19:26:04', '2019-11-27 19:26:04'),
(4221, 'addregister_low', 1, '2019-11-27 19:26:04', '2019-11-27 19:26:04'),
(4222, 'updateregister_low', 1, '2019-11-27 19:26:04', '2019-11-27 19:26:04'),
(4223, 'deleteregister_low', 1, '2019-11-27 19:26:05', '2019-11-27 19:26:05'),
(4224, 'deleteregister_lows', 1, '2019-11-27 19:26:05', '2019-11-27 19:26:05'),
(4225, 'links', 1, '2019-11-27 19:26:05', '2019-11-27 19:26:05'),
(4226, 'addlink', 1, '2019-11-27 19:26:05', '2019-11-27 19:26:05'),
(4227, 'updatelink', 1, '2019-11-27 19:26:05', '2019-11-27 19:26:05'),
(4228, 'deletelink', 1, '2019-11-27 19:26:05', '2019-11-27 19:26:05'),
(4229, 'deletelinks', 1, '2019-11-27 19:26:05', '2019-11-27 19:26:05'),
(4230, 'our_customers', 1, '2019-11-27 19:26:05', '2019-11-27 19:26:05'),
(4231, 'addour_customer', 1, '2019-11-27 19:26:05', '2019-11-27 19:26:05'),
(4232, 'updateour_customer', 1, '2019-11-27 19:26:05', '2019-11-27 19:26:05'),
(4233, 'deleteour_customer', 1, '2019-11-27 19:26:05', '2019-11-27 19:26:05'),
(4234, 'deleteour_customers', 1, '2019-11-27 19:26:06', '2019-11-27 19:26:06'),
(4235, 'sliders', 1, '2019-11-27 19:26:06', '2019-11-27 19:26:06'),
(4236, 'updateslider', 1, '2019-11-27 19:26:06', '2019-11-27 19:26:06'),
(4237, 'countries', 1, '2019-11-27 19:26:06', '2019-11-27 19:26:06'),
(4238, 'addcountry', 1, '2019-11-27 19:26:06', '2019-11-27 19:26:06'),
(4239, 'updatecountry', 1, '2019-11-27 19:26:06', '2019-11-27 19:26:06'),
(4240, 'deletecountry', 1, '2019-11-27 19:26:06', '2019-11-27 19:26:06'),
(4241, 'deletecountries', 1, '2019-11-27 19:26:06', '2019-11-27 19:26:06'),
(4242, 'cities', 1, '2019-11-27 19:26:06', '2019-11-27 19:26:06'),
(4243, 'addcity', 1, '2019-11-27 19:26:06', '2019-11-27 19:26:06'),
(4244, 'updatecity', 1, '2019-11-27 19:26:06', '2019-11-27 19:26:06'),
(4245, 'deletecity', 1, '2019-11-27 19:26:06', '2019-11-27 19:26:06'),
(4246, 'deletecities', 1, '2019-11-27 19:26:06', '2019-11-27 19:26:06'),
(4247, 'contacts', 1, '2019-11-27 19:26:06', '2019-11-27 19:26:06'),
(4248, 'showcontact', 1, '2019-11-27 19:26:06', '2019-11-27 19:26:06'),
(4249, 'sendcontact', 1, '2019-11-27 19:26:06', '2019-11-27 19:26:06'),
(4250, 'deletecontact', 1, '2019-11-27 19:26:06', '2019-11-27 19:26:06'),
(4251, 'deletecontacts', 1, '2019-11-27 19:26:06', '2019-11-27 19:26:06'),
(4252, 'reports', 1, '2019-11-27 19:26:06', '2019-11-27 19:26:06'),
(4253, 'deletereports', 1, '2019-11-27 19:26:07', '2019-11-27 19:26:07'),
(4254, 'dashboard', 5, '2019-11-27 22:02:29', '2019-11-27 22:02:29'),
(4255, 'permissionslist', 5, '2019-11-27 22:02:29', '2019-11-27 22:02:29'),
(4256, 'addpermissionspage', 5, '2019-11-27 22:02:29', '2019-11-27 22:02:29'),
(4257, 'addpermission', 5, '2019-11-27 22:02:29', '2019-11-27 22:02:29'),
(4258, 'editpermissionpage', 5, '2019-11-27 22:02:29', '2019-11-27 22:02:29'),
(4259, 'updatepermission', 5, '2019-11-27 22:02:29', '2019-11-27 22:02:29'),
(4260, 'deletepermission', 5, '2019-11-27 22:02:29', '2019-11-27 22:02:29'),
(4261, 'settings', 5, '2019-11-27 22:02:29', '2019-11-27 22:02:29'),
(4262, 'sitesetting', 5, '2019-11-27 22:02:29', '2019-11-27 22:02:29'),
(4263, 'add-social', 5, '2019-11-27 22:02:29', '2019-11-27 22:02:29'),
(4264, 'update-social', 5, '2019-11-27 22:02:29', '2019-11-27 22:02:29'),
(4265, 'delete-social', 5, '2019-11-27 22:02:29', '2019-11-27 22:02:29'),
(4266, 'intro', 5, '2019-11-27 22:02:29', '2019-11-27 22:02:29'),
(4267, 'pages', 5, '2019-11-27 22:02:29', '2019-11-27 22:02:29'),
(4268, 'admins', 5, '2019-11-27 22:02:29', '2019-11-27 22:02:29'),
(4269, 'addadmin', 5, '2019-11-27 22:02:30', '2019-11-27 22:02:30'),
(4270, 'updateadmin', 5, '2019-11-27 22:02:30', '2019-11-27 22:02:30'),
(4271, 'deleteadmin', 5, '2019-11-27 22:02:30', '2019-11-27 22:02:30'),
(4272, 'deleteadmins', 5, '2019-11-27 22:02:30', '2019-11-27 22:02:30'),
(4273, 'users', 5, '2019-11-27 22:02:30', '2019-11-27 22:02:30'),
(4274, 'packages', 5, '2019-11-27 22:02:30', '2019-11-27 22:02:30'),
(4275, 'addpackage', 5, '2019-11-27 22:02:30', '2019-11-27 22:02:30'),
(4276, 'updatepackage', 5, '2019-11-27 22:02:30', '2019-11-27 22:02:30'),
(4277, 'deletepackage', 5, '2019-11-27 22:02:30', '2019-11-27 22:02:30'),
(4278, 'deletepackages', 5, '2019-11-27 22:02:30', '2019-11-27 22:02:30'),
(4279, 'cities', 5, '2019-11-27 22:02:30', '2019-11-27 22:02:30'),
(4280, 'addcity', 5, '2019-11-27 22:02:30', '2019-11-27 22:02:30'),
(4281, 'updatecity', 5, '2019-11-27 22:02:30', '2019-11-27 22:02:30'),
(4282, 'deletecity', 5, '2019-11-27 22:02:30', '2019-11-27 22:02:30'),
(4283, 'deletecities', 5, '2019-11-27 22:02:30', '2019-11-27 22:02:30'),
(4284, 'contacts', 5, '2019-11-27 22:02:30', '2019-11-27 22:02:30'),
(4285, 'showcontact', 5, '2019-11-27 22:02:30', '2019-11-27 22:02:30'),
(4286, 'sendcontact', 5, '2019-11-27 22:02:30', '2019-11-27 22:02:30'),
(4287, 'deletecontact', 5, '2019-11-27 22:02:31', '2019-11-27 22:02:31'),
(4288, 'deletecontacts', 5, '2019-11-27 22:02:31', '2019-11-27 22:02:31'),
(4289, 'reports', 5, '2019-11-27 22:02:31', '2019-11-27 22:02:31'),
(4290, 'deletereports', 5, '2019-11-27 22:02:31', '2019-11-27 22:02:31');

-- --------------------------------------------------------

--
-- Table structure for table `questions`
--

CREATE TABLE `questions` (
  `id` int(11) NOT NULL,
  `title_ar` varchar(255) DEFAULT NULL,
  `title_en` varchar(255) DEFAULT NULL,
  `desc_ar` text,
  `desc_en` text,
  `created_at` timestamp NOT NULL DEFAULT CURRENT_TIMESTAMP,
  `updated_at` timestamp NOT NULL DEFAULT CURRENT_TIMESTAMP ON UPDATE CURRENT_TIMESTAMP
) ENGINE=InnoDB DEFAULT CHARSET=utf8mb4;

--
-- Dumping data for table `questions`
--

INSERT INTO `questions` (`id`, `title_ar`, `title_en`, `desc_ar`, `desc_en`, `created_at`, `updated_at`) VALUES
(1, 'نص قابل للتعديل نص قابل للتعديل', 'Adjustable text', 'نص قابل للتعديل نص قابل للتعديل نص قابل للتعديل نص قابل للتعديل\r\n                                            نص قابل للتعديل نص قابل للتعديل\r\n                                            نص قابل للتعديل نص قابل للتعديل\r\n                                            نص قابل للتعديل نص قابل للتعديل\r\n                                            نص قابل للتعديل نص قابل للتعديل\r\n                                            نص قابل للتعديل نص قابل للتعديل\r\n                                            نص قابل للتعديل نص قابل للتعديل', 'Adjustable Text Adjustable Text Adjustable Text Adjustable Text                                             Adjustable text                                             Adjustable text                                             Adjustable text                                             Adjustable text                                             Adjustable text                                             Adjustable text', '2019-07-31 22:49:44', '2019-11-25 13:19:06'),
(2, 'نص قابل للتعديل نص قابل للتعديل', 'Adjustable text', 'نص قابل للتعديل نص قابل للتعديل نص قابل للتعديل نص قابل للتعديل\r\n                                            نص قابل للتعديل نص قابل للتعديل\r\n                                            نص قابل للتعديل نص قابل للتعديل\r\n                                            نص قابل للتعديل نص قابل للتعديل\r\n                                            نص قابل للتعديل نص قابل للتعديل\r\n                                            نص قابل للتعديل نص قابل للتعديل\r\n                                            نص قابل للتعديل نص قابل للتعديل', 'Adjustable Text Adjustable Text Adjustable Text Adjustable Text                                             Adjustable text                                             Adjustable text                                             Adjustable text                                             Adjustable text                                             Adjustable text                                             Adjustable text', '2019-11-25 13:20:05', '2019-11-25 13:20:05');

-- --------------------------------------------------------

--
-- Table structure for table `register_laws`
--

CREATE TABLE `register_laws` (
  `id` int(11) NOT NULL,
  `title_ar` varchar(191) DEFAULT NULL,
  `title_en` varchar(191) DEFAULT NULL,
  `desc_ar` text NOT NULL,
  `desc_en` text NOT NULL,
  `created_at` timestamp NOT NULL DEFAULT CURRENT_TIMESTAMP,
  `updated_at` timestamp NOT NULL DEFAULT CURRENT_TIMESTAMP ON UPDATE CURRENT_TIMESTAMP
) ENGINE=InnoDB DEFAULT CHARSET=utf8mb4;

--
-- Dumping data for table `register_laws`
--

INSERT INTO `register_laws` (`id`, `title_ar`, `title_en`, `desc_ar`, `desc_en`, `created_at`, `updated_at`) VALUES
(1, 'قوانين التسجيل', 'test 1', 'هذا النص هو مثال لنص يمكن أن يستبدل في نفس المساحة، لقد تم تـوليد هذا النـص من مـولد\r\n                                النص\r\n                                العربى ، حـيث يمكنك أن تـولد مثل هـذا النـص أو العديد مـن النـصوص الأخـرى إضافة إلى\r\n                                زيادة\r\n                                عدد الحروف التى يولدها التطبيق.', 'test 1 test 1 test 1 test 1 test 1 test 1 test 1 test 1 test 1 test 1 test 1 test 1 test 1 test 1 test 1 test 1 test 1 test 1 test 1 test 1 test 1 test 1 test 1 test 1 test 1 test 1 test 1 test 1 test 1 test 1 test1', '2019-11-18 14:57:22', '2019-11-25 11:26:18'),
(2, 'قوانين التسجيل', 'test 2', 'هذا النص هو مثال لنص يمكن أن يستبدل في نفس المساحة، لقد تم تـوليد هذا النـص من مـولد\r\n                                النص\r\n                                العربى ، حـيث يمكنك أن تـولد مثل هـذا النـص أو العديد مـن النـصوص الأخـرى إضافة إلى\r\n                                زيادة\r\n                                عدد الحروف التى يولدها التطبيق.', 'test 2 test 2 test 2 test 2 test 2 test 2 test 2 test 2 test 2 test 2 test 2 test 2 test 2 test 2 test 2 test 2 test 2 test 2 test 2 test 2test 2 test 2 test 2 test 2 test 2', '2019-11-25 11:27:36', '2019-11-25 11:27:36'),
(3, 'قوانين التسجيل', 'test 3', 'هذا النص هو مثال لنص يمكن أن يستبدل في نفس المساحة، لقد تم تـوليد هذا النـص من مـولد\r\n                                النص\r\n                                العربى ، حـيث يمكنك أن تـولد مثل هـذا النـص أو العديد مـن النـصوص الأخـرى إضافة إلى\r\n                                زيادة\r\n                                عدد الحروف التى يولدها التطبيق.', 'test 3 test 3 test 3 test 3 test 3 test 3 test 3 test 3 test 3 test 3 test 3 test 3 test 3 test 3 test 3 test 3 test 3 test 3 test 3 test 3 test 3 test 3 test 3 test 3 test 3 test 3 test 3 test 3 test 3 test 3 test 3 test 3', '2019-11-25 11:28:38', '2019-11-25 11:28:38');

-- --------------------------------------------------------

--
-- Table structure for table `reports`
--

CREATE TABLE `reports` (
  `id` int(10) UNSIGNED NOT NULL,
  `event` varchar(500) DEFAULT NULL,
  `supervisor` int(11) NOT NULL,
  `ip` varchar(191) NOT NULL,
  `country` varchar(191) NOT NULL,
  `city` varchar(191) NOT NULL,
  `area` varchar(191) NOT NULL,
  `user_id` int(10) UNSIGNED NOT NULL,
  `created_at` timestamp NULL DEFAULT NULL,
  `updated_at` timestamp NULL DEFAULT NULL
) ENGINE=InnoDB DEFAULT CHARSET=utf8mb4;

--
-- Dumping data for table `reports`
--

INSERT INTO `reports` (`id`, `event`, `supervisor`, `ip`, `country`, `city`, `area`, `user_id`, `created_at`, `updated_at`) VALUES
(1, 'قام admin بتعديل بيانات المشرف', 1, '225.28.121.45', '', '', '', 1, '2019-11-27 22:14:20', '2019-11-27 22:14:20');

-- --------------------------------------------------------

--
-- Table structure for table `roles`
--

CREATE TABLE `roles` (
  `id` int(10) UNSIGNED NOT NULL,
  `role` varchar(191) NOT NULL,
  `created_at` timestamp NULL DEFAULT NULL,
  `updated_at` timestamp NULL DEFAULT NULL
) ENGINE=InnoDB DEFAULT CHARSET=utf8mb4;

--
-- Dumping data for table `roles`
--

INSERT INTO `roles` (`id`, `role`, `created_at`, `updated_at`) VALUES
(1, 'مدير عام', '2019-03-17 17:12:51', '2019-03-17 17:12:51'),
(5, 'مشرف عام', '2019-08-08 13:28:23', '2019-08-08 13:28:23');

-- --------------------------------------------------------

--
-- Table structure for table `sections`
--

CREATE TABLE `sections` (
  `id` int(11) NOT NULL,
  `title_ar` varchar(255) DEFAULT NULL,
  `title_en` varchar(255) DEFAULT NULL,
  `desc_ar` text,
  `desc_en` text,
  `image` varchar(255) DEFAULT NULL,
  `active` tinyint(1) NOT NULL DEFAULT '1',
  `created_at` timestamp NOT NULL DEFAULT CURRENT_TIMESTAMP,
  `updated_at` timestamp NOT NULL DEFAULT CURRENT_TIMESTAMP
) ENGINE=InnoDB DEFAULT CHARSET=utf8mb4;

--
-- Dumping data for table `sections`
--

INSERT INTO `sections` (`id`, `title_ar`, `title_en`, `desc_ar`, `desc_en`, `image`, `active`, `created_at`, `updated_at`) VALUES
(3, 'التدريب الحياتي الشخصي', 'Personal life training', 'نص قابل للتعديل نص قابل للتعديل نص قابل للتعديل نص قابل للتعديل\r\n                    نص قابل للتعديل نص قابل للتعديل\r\n                    نص قابل للتعديل نص قابل للتعديل\r\n                    نص قابل للتعديل نص قابل للتعديل نص قابل للتعديل نص قابل للتعديل\r\n                    نص قابل للتعديل نص قابل للتعديل\r\n                    نص قابل للتعديل نص قابل للتعديل', 'Adjustable Text Adjustable Text Adjustable Text Adjustable Text                     Adjustable text                     Adjustable text                     Adjustable Text Adjustable Text Adjustable Text Adjustable Text                     Adjustable text                     Adjustable text', 'http://127.0.0.1:8000/public/images/section/24-11-1915745967642081610017.png', 1, '2019-04-18 12:32:53', '2019-11-26 17:39:54'),
(4, 'التدريب الوظيفي', 'Functional training', 'نص قابل للتعديل نص قابل للتعديل نص قابل للتعديل نص قابل للتعديل\r\n                    نص قابل للتعديل نص قابل للتعديل\r\n                    نص قابل للتعديل نص قابل للتعديل\r\n                    نص قابل للتعديل نص قابل للتعديل نص قابل للتعديل نص قابل للتعديل\r\n                    نص قابل للتعديل نص قابل للتعديل\r\n                    نص قابل للتعديل نص قابل للتعديل', 'Adjustable Text Adjustable Text Adjustable Text Adjustable Text                     Adjustable text                     Adjustable text                     Adjustable Text Adjustable Text Adjustable Text Adjustable Text                     Adjustable text                     Adjustable text', 'http://127.0.0.1:8000/public/images/section/24-11-1915745967728610187.png', 1, '2019-07-28 10:44:32', '2019-11-26 17:40:34'),
(5, 'التدريب التعليمي', 'Educational training', 'نص قابل للتعديل نص قابل للتعديل نص قابل للتعديل نص قابل للتعديل\r\n                    نص قابل للتعديل نص قابل للتعديل\r\n                    نص قابل للتعديل نص قابل للتعديل\r\n                    نص قابل للتعديل نص قابل للتعديل نص قابل للتعديل نص قابل للتعديل\r\n                    نص قابل للتعديل نص قابل للتعديل\r\n                    نص قابل للتعديل نص قابل للتعديل', 'Adjustable Text Adjustable Text Adjustable Text Adjustable Text                     Adjustable text                     Adjustable text                     Adjustable Text Adjustable Text Adjustable Text Adjustable Text                     Adjustable text                     Adjustable text', 'http://127.0.0.1:8000/public/images/section/24-11-191574596780526766988.png', 1, '2019-11-12 09:20:26', '2019-11-26 17:40:47');

-- --------------------------------------------------------

--
-- Table structure for table `sliders`
--

CREATE TABLE `sliders` (
  `id` int(11) NOT NULL,
  `image` varchar(255) DEFAULT NULL,
  `desc_ar` text,
  `desc_en` text,
  `url` varchar(255) DEFAULT NULL,
  `active` tinyint(1) NOT NULL DEFAULT '1',
  `created_at` timestamp NOT NULL DEFAULT CURRENT_TIMESTAMP,
  `updated_at` timestamp NOT NULL DEFAULT CURRENT_TIMESTAMP
) ENGINE=InnoDB DEFAULT CHARSET=utf8mb4;

--
-- Dumping data for table `sliders`
--

INSERT INTO `sliders` (`id`, `image`, `desc_ar`, `desc_en`, `url`, `active`, `created_at`, `updated_at`) VALUES
(1, 'http://127.0.0.1:8000/public/images/slider/24-11-1915745924641612712143.png', 'يمكنك حجز جلسة استشارة مجانية معنا تواصل معنا لحجز جلستك', 'You can book a free consultation with us', 'https://www.google.com', 1, '2019-11-24 11:47:44', '2019-11-24 11:47:44');

-- --------------------------------------------------------

--
-- Table structure for table `socials`
--

CREATE TABLE `socials` (
  `id` int(10) UNSIGNED NOT NULL,
  `site_name` varchar(191) NOT NULL,
  `url` mediumtext NOT NULL,
  `icon` varchar(191) NOT NULL,
  `created_at` timestamp NULL DEFAULT NULL,
  `updated_at` timestamp NULL DEFAULT NULL
) ENGINE=InnoDB DEFAULT CHARSET=utf8mb4;

--
-- Dumping data for table `socials`
--

INSERT INTO `socials` (`id`, `site_name`, `url`, `icon`, `created_at`, `updated_at`) VALUES
(2, 'facebook', 'http://www.Facebook.com', 'facebook', '2019-03-17 18:24:15', '2019-10-28 15:14:00'),
(3, 'twitter', 'http://www.Twitter.com', 'twitter', '2019-03-17 18:24:54', '2019-10-28 15:14:23'),
(4, 'instagram', 'http://www.instagram.com', 'instagram', '2019-03-17 18:25:17', '2019-11-19 11:16:43');

-- --------------------------------------------------------

--
-- Table structure for table `specialists`
--

CREATE TABLE `specialists` (
  `id` int(11) NOT NULL,
  `title_ar` varchar(300) DEFAULT NULL,
  `title_en` varchar(300) DEFAULT NULL,
  `created_at` timestamp NOT NULL DEFAULT CURRENT_TIMESTAMP,
  `updated_at` timestamp NOT NULL DEFAULT CURRENT_TIMESTAMP ON UPDATE CURRENT_TIMESTAMP
) ENGINE=InnoDB DEFAULT CHARSET=utf8mb4;

--
-- Dumping data for table `specialists`
--

INSERT INTO `specialists` (`id`, `title_ar`, `title_en`, `created_at`, `updated_at`) VALUES
(1, 'أعزب', 'Single', '2019-09-09 09:43:18', '2019-11-25 14:19:06'),
(3, 'متزوج', 'Married', '2019-09-11 15:59:37', '2019-11-20 10:25:44'),
(4, 'مطلق', 'Divorced', '2019-10-28 13:59:06', '2019-11-20 10:25:53');

-- --------------------------------------------------------

--
-- Table structure for table `time_formats`
--

CREATE TABLE `time_formats` (
  `id` int(11) NOT NULL,
  `title_ar` varchar(100) DEFAULT NULL,
  `title_en` varchar(100) DEFAULT NULL,
  `time` time DEFAULT NULL,
  `created_at` timestamp NOT NULL DEFAULT CURRENT_TIMESTAMP,
  `updated_at` timestamp NOT NULL DEFAULT CURRENT_TIMESTAMP ON UPDATE CURRENT_TIMESTAMP
) ENGINE=InnoDB DEFAULT CHARSET=utf8mb4;

--
-- Dumping data for table `time_formats`
--

INSERT INTO `time_formats` (`id`, `title_ar`, `title_en`, `time`, `created_at`, `updated_at`) VALUES
(1, '1 صباحا', '1 am', '01:00:00', '2019-11-17 10:59:15', '2019-11-17 10:59:15'),
(2, '2 صباحا', '2 am', '02:00:00', '2019-11-17 10:59:15', '2019-11-17 10:59:15'),
(3, '3 صباحا', '3 am', '03:00:00', '2019-11-17 10:59:15', '2019-11-17 10:59:15'),
(4, '4 صباحا', '4 am', '04:00:00', '2019-11-17 10:59:15', '2019-11-17 10:59:15'),
(5, '5 صباحا', '5 am', '05:00:00', '2019-11-17 10:59:15', '2019-11-17 10:59:15'),
(6, '6 صباحا', '6 am', '06:00:00', '2019-11-17 10:59:15', '2019-11-17 10:59:15'),
(7, '7 صباحا', '7 am', '07:00:00', '2019-11-17 10:59:15', '2019-11-17 10:59:15'),
(8, '8 صباحا', '8 am', '08:00:00', '2019-11-17 10:59:15', '2019-11-17 10:59:15'),
(9, '9 صباحا', '9 am', '09:00:00', '2019-11-17 10:59:15', '2019-11-17 10:59:15'),
(10, '10 صباحا', '10 am', '10:00:00', '2019-11-17 10:59:15', '2019-11-17 10:59:15'),
(11, '11 صباحا', '11 am', '11:00:00', '2019-11-17 10:59:15', '2019-11-17 10:59:15'),
(12, '12 مساءا', '12 pm', '12:00:00', '2019-11-17 10:59:15', '2019-11-17 10:59:15'),
(13, '1 مساءا', '1 pm', '13:00:00', '2019-11-17 10:59:15', '2019-11-17 10:59:15'),
(14, '2 مساءا', '2 pm', '14:00:00', '2019-11-17 10:59:15', '2019-11-17 10:59:15'),
(15, '3 مساءا', '3 pm', '15:00:00', '2019-11-17 10:59:15', '2019-11-17 10:59:15'),
(16, '4 مساءا', '4 pm', '16:00:00', '2019-11-17 10:59:15', '2019-11-17 10:59:15'),
(17, '5 مساءا', '5 pm', '17:00:00', '2019-11-17 10:59:15', '2019-11-17 10:59:15'),
(18, '6 مساءا', '6 pm', '18:00:00', '2019-11-17 10:59:15', '2019-11-17 10:59:15'),
(19, '7 مساءا', '7 pm', '19:00:00', '2019-11-17 10:59:15', '2019-11-17 10:59:15'),
(20, '8 مساءا', '8 pm', '20:00:00', '2019-11-17 10:59:15', '2019-11-17 10:59:15'),
(21, '9 مساءا', '9 pm', '21:00:00', '2019-11-17 10:59:15', '2019-11-17 10:59:15'),
(22, '10 مساءا', '10 pm', '22:00:00', '2019-11-17 10:59:15', '2019-11-17 10:59:15'),
(23, '11 مساءا', '11 pm', '23:00:00', '2019-11-17 10:59:15', '2019-11-17 10:59:15'),
(24, '12 صباحا', '12 am', '23:59:00', '2019-11-17 10:59:15', '2019-11-17 10:59:15');

-- --------------------------------------------------------

--
-- Table structure for table `users`
--

CREATE TABLE `users` (
  `id` int(10) UNSIGNED NOT NULL,
  `first_name` varchar(191) DEFAULT NULL,
  `last_name` varchar(191) DEFAULT NULL,
  `email` varchar(191) DEFAULT NULL,
  `password` varchar(191) NOT NULL,
  `phone_code` varchar(5) NOT NULL DEFAULT '966',
  `phone` varchar(191) NOT NULL,
  `code` varchar(191) DEFAULT NULL,
  `avatar` varchar(191) NOT NULL DEFAULT 'default.png',
  `provider` tinyint(1) NOT NULL DEFAULT '0',
  `device_id` varchar(255) DEFAULT NULL,
  `active` int(11) NOT NULL DEFAULT '0',
  `checked` int(11) NOT NULL DEFAULT '0',
  `activation` tinyint(4) NOT NULL DEFAULT '1',
  `complete` tinyint(4) NOT NULL DEFAULT '0',
  `notify_send` tinyint(4) NOT NULL DEFAULT '1',
  `country_id` int(11) DEFAULT NULL,
  `city_id` int(11) DEFAULT NULL,
  `specialist_id` int(11) DEFAULT NULL,
  `role` int(11) NOT NULL DEFAULT '0',
  `lat` decimal(16,14) DEFAULT NULL,
  `lng` decimal(16,14) DEFAULT NULL,
  `gender` varchar(50) DEFAULT NULL COMMENT 'male , female',
  `session_count` int(11) DEFAULT '0',
  `job` varchar(191) DEFAULT NULL,
  `price` varchar(300) DEFAULT NULL,
  `birthdate` date DEFAULT NULL,
  `social_status` varchar(191) DEFAULT NULL,
  `device_type` varchar(100) NOT NULL DEFAULT 'android',
  `lang` varchar(100) NOT NULL DEFAULT 'ar',
  `remember_token` varchar(100) DEFAULT NULL,
  `created_at` timestamp NULL DEFAULT CURRENT_TIMESTAMP,
  `updated_at` timestamp NULL DEFAULT CURRENT_TIMESTAMP
) ENGINE=InnoDB DEFAULT CHARSET=utf8mb4;

--
-- Dumping data for table `users`
--

INSERT INTO `users` (`id`, `first_name`, `last_name`, `email`, `password`, `phone_code`, `phone`, `code`, `avatar`, `provider`, `device_id`, `active`, `checked`, `activation`, `complete`, `notify_send`, `country_id`, `city_id`, `specialist_id`, `role`, `lat`, `lng`, `gender`, `session_count`, `job`, `price`, `birthdate`, `social_status`, `device_type`, `lang`, `remember_token`, `created_at`, `updated_at`) VALUES
(1, 'admin', NULL, 'aait@aait.sa', '$2y$10$nQ3urUipUw7pT6LFBhd1peWg4XIygCMY.ihro7CnJ/wVAZZlY9O92', '966', '541867992', '1234', 'default.png', 0, '11111', 1, 1, 1, 0, 1, NULL, NULL, NULL, 1, NULL, NULL, NULL, 27, NULL, NULL, '1991-11-18', NULL, 'android', 'ar', 'yVdcF3s7Il7yzwhzuioo8OLtWg0EncR2navmOH8zVEu6Tm2X0UwtG75y5HyQ', '2019-03-16 22:00:00', '2019-11-26 21:29:01'),
(2, 'احمد', 'محمد', 'lovedayar91@gmail.com', '', '966', '0123456789', NULL, 'default.png', 0, NULL, 0, 1, 1, 0, 1, 187, 4, 3, 0, NULL, NULL, 'male', 0, 'مهندس', NULL, '1991-11-18', NULL, 'android', 'ar', NULL, '2019-11-20 10:33:16', '2019-11-20 11:37:57'),
(3, 'Abdelrahman', 'Mohammed', 'aait2@aait.sa', '$2y$10$IESigfpuYy44vDfXQviFe.7bX26zXroN71fAyLYhjq0yo8wIM5JGy', '966', '966546589050', '966', '25-11-1915746949131468406758.jpg', 0, NULL, 0, 1, 1, 0, 1, 187, 6, 3, 0, NULL, NULL, 'male', 15, 'Developer', NULL, '1991-11-18', NULL, 'android', 'ar', 'i1Ll3PJU0y16TefFaBbsVIMB54V5ny0OWJIuPy2dPPAlTu2oBFpI9SiXk5KT', '2019-11-25 10:22:01', '2019-11-27 16:26:12');

-- --------------------------------------------------------

--
-- Table structure for table `user_packages`
--

CREATE TABLE `user_packages` (
  `id` int(11) NOT NULL,
  `user_id` int(10) UNSIGNED DEFAULT NULL,
  `section_id` int(11) DEFAULT NULL,
  `package_id` int(11) DEFAULT NULL,
  `session_count` int(11) NOT NULL DEFAULT '0',
  `created_at` timestamp NOT NULL DEFAULT CURRENT_TIMESTAMP,
  `updated_at` timestamp NOT NULL DEFAULT CURRENT_TIMESTAMP ON UPDATE CURRENT_TIMESTAMP
) ENGINE=InnoDB DEFAULT CHARSET=utf8mb4;

--
-- Dumping data for table `user_packages`
--

INSERT INTO `user_packages` (`id`, `user_id`, `section_id`, `package_id`, `session_count`, `created_at`, `updated_at`) VALUES
(3, 1, 5, 1, 14, '2019-11-26 21:28:03', '2019-11-27 21:45:59'),
(4, 1, 5, 3, 9, '2019-11-26 21:29:01', '2019-11-26 21:29:01'),
(5, 3, 5, 3, 11, '2019-11-27 08:52:31', '2019-11-27 17:04:56'),
(6, 3, 3, 4, 3, '2019-11-27 16:07:01', '2019-11-27 16:07:01'),
(7, 3, 5, 1, 3, '2019-11-27 16:26:12', '2019-11-27 16:26:12');

--
-- Indexes for dumped tables
--

--
-- Indexes for table `app_settings`
--
ALTER TABLE `app_settings`
  ADD PRIMARY KEY (`id`);

--
-- Indexes for table `cities`
--
ALTER TABLE `cities`
  ADD PRIMARY KEY (`id`),
  ADD KEY `country_id` (`country_id`);

--
-- Indexes for table `coachs`
--
ALTER TABLE `coachs`
  ADD PRIMARY KEY (`id`);

--
-- Indexes for table `coach_dates`
--
ALTER TABLE `coach_dates`
  ADD PRIMARY KEY (`id`),
  ADD KEY `coach_id` (`coach_id`);

--
-- Indexes for table `coach_images`
--
ALTER TABLE `coach_images`
  ADD PRIMARY KEY (`id`),
  ADD KEY `coach_id` (`coach_id`);

--
-- Indexes for table `coach_times`
--
ALTER TABLE `coach_times`
  ADD PRIMARY KEY (`id`),
  ADD KEY `coach_date_id` (`coach_date_id`),
  ADD KEY `coach_id` (`coach_id`);

--
-- Indexes for table `contacts`
--
ALTER TABLE `contacts`
  ADD PRIMARY KEY (`id`);

--
-- Indexes for table `countries`
--
ALTER TABLE `countries`
  ADD PRIMARY KEY (`id`) USING BTREE;

--
-- Indexes for table `days`
--
ALTER TABLE `days`
  ADD PRIMARY KEY (`id`);

--
-- Indexes for table `devices`
--
ALTER TABLE `devices`
  ADD PRIMARY KEY (`id`);

--
-- Indexes for table `links`
--
ALTER TABLE `links`
  ADD PRIMARY KEY (`id`);

--
-- Indexes for table `migrations`
--
ALTER TABLE `migrations`
  ADD PRIMARY KEY (`id`);

--
-- Indexes for table `neighborhoods`
--
ALTER TABLE `neighborhoods`
  ADD PRIMARY KEY (`id`),
  ADD KEY `city_id` (`city_id`);

--
-- Indexes for table `notifications`
--
ALTER TABLE `notifications`
  ADD PRIMARY KEY (`id`),
  ADD KEY `from_id` (`from_id`),
  ADD KEY `to_id` (`to_id`),
  ADD KEY `order_id` (`order_id`);

--
-- Indexes for table `orders`
--
ALTER TABLE `orders`
  ADD PRIMARY KEY (`id`),
  ADD KEY `user_id` (`user_id`),
  ADD KEY `coach_id` (`coach_id`),
  ADD KEY `time_id` (`time_id`),
  ADD KEY `section_id` (`section_id`);

--
-- Indexes for table `our_customers`
--
ALTER TABLE `our_customers`
  ADD PRIMARY KEY (`id`);

--
-- Indexes for table `packages`
--
ALTER TABLE `packages`
  ADD PRIMARY KEY (`id`);

--
-- Indexes for table `password_resets`
--
ALTER TABLE `password_resets`
  ADD KEY `password_resets_email_index` (`email`);

--
-- Indexes for table `permissions`
--
ALTER TABLE `permissions`
  ADD PRIMARY KEY (`id`),
  ADD KEY `permissions_role_id_foreign` (`role_id`);

--
-- Indexes for table `questions`
--
ALTER TABLE `questions`
  ADD PRIMARY KEY (`id`);

--
-- Indexes for table `register_laws`
--
ALTER TABLE `register_laws`
  ADD PRIMARY KEY (`id`);

--
-- Indexes for table `reports`
--
ALTER TABLE `reports`
  ADD PRIMARY KEY (`id`),
  ADD KEY `reports_user_id_foreign` (`user_id`);

--
-- Indexes for table `roles`
--
ALTER TABLE `roles`
  ADD PRIMARY KEY (`id`);

--
-- Indexes for table `sections`
--
ALTER TABLE `sections`
  ADD PRIMARY KEY (`id`);

--
-- Indexes for table `sliders`
--
ALTER TABLE `sliders`
  ADD PRIMARY KEY (`id`);

--
-- Indexes for table `socials`
--
ALTER TABLE `socials`
  ADD PRIMARY KEY (`id`);

--
-- Indexes for table `specialists`
--
ALTER TABLE `specialists`
  ADD PRIMARY KEY (`id`);

--
-- Indexes for table `time_formats`
--
ALTER TABLE `time_formats`
  ADD PRIMARY KEY (`id`);

--
-- Indexes for table `users`
--
ALTER TABLE `users`
  ADD PRIMARY KEY (`id`),
  ADD KEY `city_id` (`city_id`),
  ADD KEY `country_id` (`country_id`),
  ADD KEY `specialist_id` (`specialist_id`);

--
-- Indexes for table `user_packages`
--
ALTER TABLE `user_packages`
  ADD PRIMARY KEY (`id`),
  ADD KEY `id` (`id`);

--
-- AUTO_INCREMENT for dumped tables
--

--
-- AUTO_INCREMENT for table `app_settings`
--
ALTER TABLE `app_settings`
  MODIFY `id` int(10) UNSIGNED NOT NULL AUTO_INCREMENT, AUTO_INCREMENT=51;

--
-- AUTO_INCREMENT for table `cities`
--
ALTER TABLE `cities`
  MODIFY `id` int(11) NOT NULL AUTO_INCREMENT, AUTO_INCREMENT=8;

--
-- AUTO_INCREMENT for table `coachs`
--
ALTER TABLE `coachs`
  MODIFY `id` int(11) NOT NULL AUTO_INCREMENT, AUTO_INCREMENT=3;

--
-- AUTO_INCREMENT for table `coach_dates`
--
ALTER TABLE `coach_dates`
  MODIFY `id` int(11) NOT NULL AUTO_INCREMENT, AUTO_INCREMENT=8;

--
-- AUTO_INCREMENT for table `coach_images`
--
ALTER TABLE `coach_images`
  MODIFY `id` int(11) NOT NULL AUTO_INCREMENT, AUTO_INCREMENT=12;

--
-- AUTO_INCREMENT for table `coach_times`
--
ALTER TABLE `coach_times`
  MODIFY `id` int(11) NOT NULL AUTO_INCREMENT;

--
-- AUTO_INCREMENT for table `contacts`
--
ALTER TABLE `contacts`
  MODIFY `id` int(11) NOT NULL AUTO_INCREMENT, AUTO_INCREMENT=7;

--
-- AUTO_INCREMENT for table `countries`
--
ALTER TABLE `countries`
  MODIFY `id` int(11) NOT NULL AUTO_INCREMENT, AUTO_INCREMENT=238;

--
-- AUTO_INCREMENT for table `days`
--
ALTER TABLE `days`
  MODIFY `id` int(11) NOT NULL AUTO_INCREMENT, AUTO_INCREMENT=8;

--
-- AUTO_INCREMENT for table `devices`
--
ALTER TABLE `devices`
  MODIFY `id` int(11) NOT NULL AUTO_INCREMENT, AUTO_INCREMENT=124;

--
-- AUTO_INCREMENT for table `links`
--
ALTER TABLE `links`
  MODIFY `id` int(11) NOT NULL AUTO_INCREMENT, AUTO_INCREMENT=3;

--
-- AUTO_INCREMENT for table `migrations`
--
ALTER TABLE `migrations`
  MODIFY `id` int(10) UNSIGNED NOT NULL AUTO_INCREMENT, AUTO_INCREMENT=8;

--
-- AUTO_INCREMENT for table `neighborhoods`
--
ALTER TABLE `neighborhoods`
  MODIFY `id` int(11) NOT NULL AUTO_INCREMENT, AUTO_INCREMENT=9;

--
-- AUTO_INCREMENT for table `notifications`
--
ALTER TABLE `notifications`
  MODIFY `id` int(11) NOT NULL AUTO_INCREMENT;

--
-- AUTO_INCREMENT for table `orders`
--
ALTER TABLE `orders`
  MODIFY `id` int(11) NOT NULL AUTO_INCREMENT, AUTO_INCREMENT=60;

--
-- AUTO_INCREMENT for table `our_customers`
--
ALTER TABLE `our_customers`
  MODIFY `id` int(11) NOT NULL AUTO_INCREMENT, AUTO_INCREMENT=4;

--
-- AUTO_INCREMENT for table `packages`
--
ALTER TABLE `packages`
  MODIFY `id` int(11) NOT NULL AUTO_INCREMENT, AUTO_INCREMENT=10;

--
-- AUTO_INCREMENT for table `permissions`
--
ALTER TABLE `permissions`
  MODIFY `id` int(10) UNSIGNED NOT NULL AUTO_INCREMENT, AUTO_INCREMENT=4291;

--
-- AUTO_INCREMENT for table `questions`
--
ALTER TABLE `questions`
  MODIFY `id` int(11) NOT NULL AUTO_INCREMENT, AUTO_INCREMENT=3;

--
-- AUTO_INCREMENT for table `register_laws`
--
ALTER TABLE `register_laws`
  MODIFY `id` int(11) NOT NULL AUTO_INCREMENT, AUTO_INCREMENT=4;

--
-- AUTO_INCREMENT for table `reports`
--
ALTER TABLE `reports`
  MODIFY `id` int(10) UNSIGNED NOT NULL AUTO_INCREMENT, AUTO_INCREMENT=2;

--
-- AUTO_INCREMENT for table `roles`
--
ALTER TABLE `roles`
  MODIFY `id` int(10) UNSIGNED NOT NULL AUTO_INCREMENT, AUTO_INCREMENT=6;

--
-- AUTO_INCREMENT for table `sections`
--
ALTER TABLE `sections`
  MODIFY `id` int(11) NOT NULL AUTO_INCREMENT, AUTO_INCREMENT=6;

--
-- AUTO_INCREMENT for table `sliders`
--
ALTER TABLE `sliders`
  MODIFY `id` int(11) NOT NULL AUTO_INCREMENT, AUTO_INCREMENT=2;

--
-- AUTO_INCREMENT for table `socials`
--
ALTER TABLE `socials`
  MODIFY `id` int(10) UNSIGNED NOT NULL AUTO_INCREMENT, AUTO_INCREMENT=5;

--
-- AUTO_INCREMENT for table `specialists`
--
ALTER TABLE `specialists`
  MODIFY `id` int(11) NOT NULL AUTO_INCREMENT, AUTO_INCREMENT=5;

--
-- AUTO_INCREMENT for table `time_formats`
--
ALTER TABLE `time_formats`
  MODIFY `id` int(11) NOT NULL AUTO_INCREMENT, AUTO_INCREMENT=25;

--
-- AUTO_INCREMENT for table `users`
--
ALTER TABLE `users`
  MODIFY `id` int(10) UNSIGNED NOT NULL AUTO_INCREMENT, AUTO_INCREMENT=4;

--
-- AUTO_INCREMENT for table `user_packages`
--
ALTER TABLE `user_packages`
  MODIFY `id` int(11) NOT NULL AUTO_INCREMENT, AUTO_INCREMENT=8;

--
-- Constraints for dumped tables
--

--
-- Constraints for table `cities`
--
ALTER TABLE `cities`
  ADD CONSTRAINT `cities_ibfk_1` FOREIGN KEY (`country_id`) REFERENCES `countries` (`id`) ON DELETE CASCADE;

--
-- Constraints for table `coach_dates`
--
ALTER TABLE `coach_dates`
  ADD CONSTRAINT `coach_dates_ibfk_1` FOREIGN KEY (`coach_id`) REFERENCES `coachs` (`id`) ON DELETE CASCADE;

--
-- Constraints for table `coach_images`
--
ALTER TABLE `coach_images`
  ADD CONSTRAINT `coach_images_ibfk_1` FOREIGN KEY (`coach_id`) REFERENCES `coachs` (`id`) ON DELETE CASCADE;

--
-- Constraints for table `coach_times`
--
ALTER TABLE `coach_times`
  ADD CONSTRAINT `coach_times_ibfk_1` FOREIGN KEY (`coach_date_id`) REFERENCES `coach_dates` (`id`) ON DELETE CASCADE,
  ADD CONSTRAINT `coach_times_ibfk_2` FOREIGN KEY (`coach_id`) REFERENCES `coachs` (`id`) ON DELETE CASCADE;

--
-- Constraints for table `neighborhoods`
--
ALTER TABLE `neighborhoods`
  ADD CONSTRAINT `neighborhoods_ibfk_1` FOREIGN KEY (`city_id`) REFERENCES `cities` (`id`) ON DELETE CASCADE;

--
-- Constraints for table `notifications`
--
ALTER TABLE `notifications`
  ADD CONSTRAINT `notifications_ibfk_1` FOREIGN KEY (`from_id`) REFERENCES `users` (`id`) ON DELETE CASCADE,
  ADD CONSTRAINT `notifications_ibfk_2` FOREIGN KEY (`to_id`) REFERENCES `users` (`id`) ON DELETE CASCADE,
  ADD CONSTRAINT `notifications_ibfk_3` FOREIGN KEY (`order_id`) REFERENCES `orders` (`id`) ON DELETE SET NULL;

--
-- Constraints for table `orders`
--
ALTER TABLE `orders`
  ADD CONSTRAINT `orders_ibfk_3` FOREIGN KEY (`user_id`) REFERENCES `users` (`id`) ON DELETE CASCADE,
  ADD CONSTRAINT `orders_ibfk_4` FOREIGN KEY (`coach_id`) REFERENCES `coachs` (`id`) ON DELETE CASCADE,
  ADD CONSTRAINT `orders_ibfk_5` FOREIGN KEY (`time_id`) REFERENCES `time_formats` (`id`) ON DELETE CASCADE,
  ADD CONSTRAINT `orders_ibfk_6` FOREIGN KEY (`section_id`) REFERENCES `sections` (`id`) ON DELETE CASCADE;

--
-- Constraints for table `permissions`
--
ALTER TABLE `permissions`
  ADD CONSTRAINT `permissions_role_id_foreign` FOREIGN KEY (`role_id`) REFERENCES `roles` (`id`) ON DELETE CASCADE;

--
-- Constraints for table `reports`
--
ALTER TABLE `reports`
  ADD CONSTRAINT `reports_user_id_foreign` FOREIGN KEY (`user_id`) REFERENCES `users` (`id`) ON DELETE CASCADE;

--
-- Constraints for table `users`
--
ALTER TABLE `users`
  ADD CONSTRAINT `users_ibfk_1` FOREIGN KEY (`city_id`) REFERENCES `cities` (`id`) ON DELETE SET NULL,
  ADD CONSTRAINT `users_ibfk_2` FOREIGN KEY (`country_id`) REFERENCES `countries` (`id`) ON DELETE SET NULL,
  ADD CONSTRAINT `users_ibfk_3` FOREIGN KEY (`specialist_id`) REFERENCES `specialists` (`id`) ON DELETE SET NULL;
COMMIT;

/*!40101 SET CHARACTER_SET_CLIENT=@OLD_CHARACTER_SET_CLIENT */;
/*!40101 SET CHARACTER_SET_RESULTS=@OLD_CHARACTER_SET_RESULTS */;
/*!40101 SET COLLATION_CONNECTION=@OLD_COLLATION_CONNECTION */;
